Entity,Code,Year,Government expenditure on tertiary education as a percentage of GDP (%)
Afghanistan,AFG,1971,0.27915
Afghanistan,AFG,1972,0.23295
Afghanistan,AFG,1973,0.29202
Afghanistan,AFG,1975,0.22268
Afghanistan,AFG,1979,0.41894
Afghanistan,AFG,1980,0.36025
Afghanistan,AFG,1981,0.39765
Afghanistan,AFG,1982,0.41803
Afghanistan,AFG,2010,0.31427
Afghanistan,AFG,2011,0.3111
Afghanistan,AFG,2012,0.33182
Afghanistan,AFG,2013,0.40614
Afghanistan,AFG,2014,0.45862
Afghanistan,AFG,2015,0.51942
Afghanistan,AFG,2021,0.64208
Albania,ALB,1994,0.37026
Albania,ALB,2013,0.77613
Albania,ALB,2015,0.72734
Albania,ALB,2016,0.7567
Albania,ALB,2017,0.68081
Albania,ALB,2019,0.73389
Albania,ALB,2022,0.56774
Algeria,DZA,1979,0.99909
Algeria,DZA,1980,1.30043
Algeria,DZA,2008,1.16981
American Samoa,ASM,2006,1.64608
Andorra,AND,2002,0.11423
Andorra,AND,2004,0.07665
Andorra,AND,2005,0.06387
Andorra,AND,2006,0.14879
Andorra,AND,2007,0.09538
Andorra,AND,2009,0.11309
Andorra,AND,2010,0.11494
Andorra,AND,2011,0.11472
Andorra,AND,2013,0.115
Andorra,AND,2014,0.18677
Andorra,AND,2015,0.17959
Andorra,AND,2016,0.19083
Andorra,AND,2017,0.18258
Andorra,AND,2018,0.18315
Andorra,AND,2019,0.13295
Andorra,AND,2022,0.12379
Angola,AGO,1985,0.22832
Angola,AGO,1986,0.33413
Angola,AGO,1987,0.35184
Angola,AGO,2005,0.17562
Angola,AGO,2006,0.19851
Angola,AGO,2010,0.399
Angola,AGO,2011,0.372
Angola,AGO,2012,0.311
Angola,AGO,2013,0.625
Angola,AGO,2014,0.695
Angola,AGO,2015,0.463
Angola,AGO,2016,0.398
Angola,AGO,2017,0.397
Angola,AGO,2018,0.268
Angola,AGO,2019,0.243
Angola,AGO,2020,0.229
Angola,AGO,2021,0.232
Angola,AGO,2022,0.398
Anguilla,AIA,1998,1.06997
Anguilla,AIA,1999,0
Anguilla,AIA,2000,0
Anguilla,AIA,2002,0
Anguilla,AIA,2005,0.54101
Anguilla,AIA,2008,0.08066
Antigua and Barbuda,ATG,1999,0.41485
Antigua and Barbuda,ATG,2002,0.22812
Antigua and Barbuda,ATG,2009,0.18448
Antigua and Barbuda,ATG,2012,0.122
Antigua and Barbuda,ATG,2013,0.162
Antigua and Barbuda,ATG,2014,0.205
Antigua and Barbuda,ATG,2015,0.228
Antigua and Barbuda,ATG,2016,0.184
Antigua and Barbuda,ATG,2017,0.208
Antigua and Barbuda,ATG,2018,0.271
Antigua and Barbuda,ATG,2019,0.31
Antigua and Barbuda,ATG,2020,0.4
Argentina,ARG,1970,0.34994
Argentina,ARG,1972,0.37428
Argentina,ARG,1973,0.42504
Argentina,ARG,1974,0.36814
Argentina,ARG,1975,0.56643
Argentina,ARG,1976,0.3205
Argentina,ARG,1977,0.34473
Argentina,ARG,1978,0.42009
Argentina,ARG,1979,0.5478
Argentina,ARG,1980,0.568
Argentina,ARG,1982,0.2545
Argentina,ARG,1983,0.3014
Argentina,ARG,1984,0.47392
Argentina,ARG,1985,0.47608
Argentina,ARG,1986,0.41922
Argentina,ARG,1987,0.62397
Argentina,ARG,1989,0.49942
Argentina,ARG,1990,0.50539
Argentina,ARG,1996,0.77964
Argentina,ARG,1998,0.85476
Argentina,ARG,1999,0.77508
Argentina,ARG,2000,0.83064
Argentina,ARG,2001,0.82812
Argentina,ARG,2002,0.70274
Argentina,ARG,2003,0.57222
Argentina,ARG,2004,0.59985
Argentina,ARG,2005,0.62694
Argentina,ARG,2006,0.73293
Argentina,ARG,2007,0.7921
Argentina,ARG,2008,0.85554
Argentina,ARG,2009,1.04263
Argentina,ARG,2010,0.99682
Argentina,ARG,2011,1.02811
Argentina,ARG,2012,1.06599
Argentina,ARG,2013,1.10008
Argentina,ARG,2014,1.09395
Argentina,ARG,2015,1.18616
Argentina,ARG,2016,1.12948
Argentina,ARG,2017,1.20433
Argentina,ARG,2018,1.11681
Argentina,ARG,2019,0.97945
Argentina,ARG,2020,1.06886
Argentina,ARG,2021,0.92327
Armenia,ARM,1996,0.27631
Armenia,ARM,2008,0.35828
Armenia,ARM,2009,0.35954
Armenia,ARM,2010,0.37864
Armenia,ARM,2011,0.355
Armenia,ARM,2012,0.26317
Armenia,ARM,2013,0.27344
Armenia,ARM,2014,0.30613
Armenia,ARM,2015,0.35604
Armenia,ARM,2016,0.36363
Armenia,ARM,2017,0.35178
Armenia,ARM,2020,0.30765
Armenia,ARM,2021,0.29755
Armenia,ARM,2022,0.24533
Aruba,ABW,1998,0.48117
Aruba,ABW,1999,0.51156
Aruba,ABW,2000,0.49912
Aruba,ABW,2001,0.58361
Aruba,ABW,2002,0.57682
Aruba,ABW,2004,0.47803
Aruba,ABW,2005,0.53104
Aruba,ABW,2012,1.31541
Aruba,ABW,2013,1.39632
Aruba,ABW,2014,1.17143
Aruba,ABW,2015,1.47775
Aruba,ABW,2016,1.00989
Australia,AUS,1978,1.48539
Australia,AUS,1979,1.41541
Australia,AUS,1980,1.30862
Australia,AUS,1982,1.18734
Australia,AUS,1983,1.69912
Australia,AUS,1985,1.70439
Australia,AUS,1986,1.70154
Australia,AUS,1987,1.60046
Australia,AUS,1988,1.64237
Australia,AUS,1989,1.54697
Australia,AUS,1990,1.55968
Australia,AUS,1991,1.56211
Australia,AUS,1992,1.49251
Australia,AUS,1993,1.46354
Australia,AUS,1994,1.51406
Australia,AUS,1995,1.41548
Australia,AUS,1996,1.54827
Australia,AUS,2000,1.14385
Australia,AUS,2005,1.08683
Australia,AUS,2006,1.04151
Australia,AUS,2007,1.04716
Australia,AUS,2008,1.03996
Australia,AUS,2009,1.12362
Australia,AUS,2010,1.23371
Australia,AUS,2011,1.1759
Australia,AUS,2012,1.15236
Australia,AUS,2013,1.35686
Australia,AUS,2014,1.3706
Australia,AUS,2015,1.53381
Australia,AUS,2016,1.41819
Australia,AUS,2017,1.29042
Australia,AUS,2018,1.17623
Australia,AUS,2019,1.10343
Australia,AUS,2020,1.19409
Austria,AUT,1970,0.62487
Austria,AUT,1971,0.64609
Austria,AUT,1972,0.68365
Austria,AUT,1973,0.68806
Austria,AUT,1974,0.73
Austria,AUT,1975,0.82808
Austria,AUT,1976,0.84357
Austria,AUT,1977,0.75264
Austria,AUT,1978,0.76578
Austria,AUT,1979,0.75376
Austria,AUT,1980,0.74848
Austria,AUT,1981,0.76708
Austria,AUT,1982,0.80206
Austria,AUT,1983,0.83145
Austria,AUT,1984,0.92254
Austria,AUT,1985,0.93583
Austria,AUT,1986,1.08918
Austria,AUT,1987,1.0634
Austria,AUT,1988,1.06188
Austria,AUT,1989,1.0355
Austria,AUT,1990,1.00853
Austria,AUT,1991,1.08685
Austria,AUT,1992,1.11049
Austria,AUT,1993,1.07744
Austria,AUT,1995,1.16736
Austria,AUT,1996,1.10721
Austria,AUT,1998,1.60113
Austria,AUT,1999,1.60058
Austria,AUT,2000,1.39774
Austria,AUT,2001,1.31814
Austria,AUT,2002,1.24641
Austria,AUT,2003,1.26109
Austria,AUT,2004,1.38506
Austria,AUT,2005,1.43217
Austria,AUT,2006,1.41962
Austria,AUT,2007,1.42845
Austria,AUT,2008,1.43151
Austria,AUT,2009,1.5011
Austria,AUT,2010,1.57986
Austria,AUT,2011,1.50186
Austria,AUT,2012,1.8252
Austria,AUT,2013,1.79382
Austria,AUT,2014,1.7714
Austria,AUT,2015,1.78068
Austria,AUT,2016,1.78026
Austria,AUT,2017,1.71172
Austria,AUT,2018,1.69909
Austria,AUT,2019,1.72711
Austria,AUT,2020,1.85949
Azerbaijan,AZE,1992,0.67633
Azerbaijan,AZE,1995,0.25022
Azerbaijan,AZE,1996,0.25644
Azerbaijan,AZE,1998,0.22301
Azerbaijan,AZE,1999,0.25783
Azerbaijan,AZE,2000,0.23145
Azerbaijan,AZE,2001,0.21062
Azerbaijan,AZE,2002,0.1836
Azerbaijan,AZE,2003,0.18334
Azerbaijan,AZE,2004,0.22121
Azerbaijan,AZE,2005,0.20661
Azerbaijan,AZE,2006,0.17895
Azerbaijan,AZE,2007,0.20261
Azerbaijan,AZE,2008,0.27673
Azerbaijan,AZE,2009,0.45025
Azerbaijan,AZE,2010,0.39037
Azerbaijan,AZE,2011,0.35624
Azerbaijan,AZE,2015,0.37829
Azerbaijan,AZE,2016,0.49598
Azerbaijan,AZE,2017,0.40576
Azerbaijan,AZE,2018,0.44977
Azerbaijan,AZE,2019,0.54985
Azerbaijan,AZE,2020,0.80043
Azerbaijan,AZE,2021,0.58139
Bahrain,BHR,2013,0.60448
Bangladesh,BGD,1979,0.25032
Bangladesh,BGD,1980,0.2054
Bangladesh,BGD,1981,0.16989
Bangladesh,BGD,1982,0.12881
Bangladesh,BGD,1983,0.11928
Bangladesh,BGD,1984,0.14049
Bangladesh,BGD,1985,0.13446
Bangladesh,BGD,1986,0.12931
Bangladesh,BGD,1987,0.14039
Bangladesh,BGD,1990,0.12523
Bangladesh,BGD,1991,0.12947
Bangladesh,BGD,1992,0.16613
Bangladesh,BGD,1993,0.14397
Bangladesh,BGD,1997,0.09251
Bangladesh,BGD,1999,0.23377
Bangladesh,BGD,2000,0.21496
Bangladesh,BGD,2001,0.21948
Bangladesh,BGD,2002,0.22469
Bangladesh,BGD,2003,0.18853
Bangladesh,BGD,2004,0.22393
Bangladesh,BGD,2006,0.27553
Bangladesh,BGD,2007,0.25254
Bangladesh,BGD,2008,0.27254
Bangladesh,BGD,2009,0.26185
Bangladesh,BGD,2010,0.26036
Bangladesh,BGD,2011,0.21953
Bangladesh,BGD,2012,0.32053
Bangladesh,BGD,2016,0.42656
Bangladesh,BGD,2019,0.38921
Bangladesh,BGD,2020,0.35459
Barbados,BRB,1976,1.19566
Barbados,BRB,1977,1.47983
Barbados,BRB,1991,1.31564
Barbados,BRB,1999,1.39394
Barbados,BRB,2000,1.29409
Barbados,BRB,2001,1.75978
Barbados,BRB,2002,1.76023
Barbados,BRB,2003,1.78779
Barbados,BRB,2004,1.89765
Barbados,BRB,2005,1.79035
Barbados,BRB,2007,1.57535
Barbados,BRB,2008,1.48119
Barbados,BRB,2009,1.52991
Barbados,BRB,2010,1.96796
Barbados,BRB,2012,1.59043
Barbados,BRB,2013,1.90617
Barbados,BRB,2014,2.41284
Barbados,BRB,2015,1.344
Barbados,BRB,2016,1.49852
Barbados,BRB,2017,1.24547
Barbados,BRB,2018,1.393
Barbados,BRB,2019,1.19188
Barbados,BRB,2020,1.43562
Barbados,BRB,2021,1.76191
Barbados,BRB,2022,1.49603
Barbados,BRB,2023,1.642
Belarus,BLR,2004,1.40971
Belarus,BLR,2005,1.49579
Belarus,BLR,2006,1.62343
Belarus,BLR,2007,1.04016
Belarus,BLR,2009,0.87702
Belarus,BLR,2010,0.89406
Belarus,BLR,2011,0.81028
Belarus,BLR,2012,0.88643
Belarus,BLR,2013,0.88082
Belarus,BLR,2014,0.81402
Belarus,BLR,2015,0.80221
Belarus,BLR,2016,0.79645
Belarus,BLR,2017,0.79014
Belarus,BLR,2019,0.81316
Belarus,BLR,2020,0.81536
Belarus,BLR,2021,0.76083
Belgium,BEL,1975,0.92654
Belgium,BEL,1976,0.91329
Belgium,BEL,1977,0.99535
Belgium,BEL,1978,1.02866
Belgium,BEL,1979,1.04639
Belgium,BEL,1980,0.98757
Belgium,BEL,1981,1.02056
Belgium,BEL,1982,0.97787
Belgium,BEL,1986,0.92889
Belgium,BEL,1987,0.8728
Belgium,BEL,1988,0.83972
Belgium,BEL,1993,0.93382
Belgium,BEL,1994,1.10593
Belgium,BEL,1995,0.61259
Belgium,BEL,1996,0.65431
Belgium,BEL,2005,1.25753
Belgium,BEL,2008,1.34992
Belgium,BEL,2009,1.44829
Belgium,BEL,2010,1.42822
Belgium,BEL,2011,1.41486
Belgium,BEL,2013,1.44836
Belgium,BEL,2014,1.4826
Belgium,BEL,2015,1.42765
Belgium,BEL,2016,1.43996
Belgium,BEL,2017,1.45417
Belgium,BEL,2018,1.48938
Belgium,BEL,2019,1.53186
Belgium,BEL,2020,1.61698
Belize,BLZ,1999,0.26321
Belize,BLZ,2000,0.24674
Belize,BLZ,2004,0.43536
Belize,BLZ,2008,0.39772
Belize,BLZ,2009,0.52701
Belize,BLZ,2010,0.45648
Belize,BLZ,2012,0.48486
Belize,BLZ,2013,0.6977
Belize,BLZ,2014,0.66859
Belize,BLZ,2015,0.63294
Belize,BLZ,2016,0.57157
Belize,BLZ,2017,0.55905
Belize,BLZ,2018,0.57251
Belize,BLZ,2019,0.58473
Belize,BLZ,2020,0.58555
Belize,BLZ,2021,0.55888
Belize,BLZ,2022,0.42686
Benin,BEN,2000,0.45985
Benin,BEN,2001,0.43327
Benin,BEN,2002,0.4683
Benin,BEN,2003,0.47037
Benin,BEN,2004,0.50013
Benin,BEN,2005,0.56329
Benin,BEN,2006,0.5291
Benin,BEN,2007,0.47647
Benin,BEN,2008,0.48983
Benin,BEN,2009,0.57138
Benin,BEN,2010,0.57423
Benin,BEN,2012,0.88171
Benin,BEN,2013,0.69997
Benin,BEN,2014,0.64342
Benin,BEN,2015,0.70278
Bermuda,BMU,1973,0.43925
Bermuda,BMU,1975,0.39571
Bermuda,BMU,1985,0.68692
Bermuda,BMU,1990,1.1011
Bermuda,BMU,1991,0.86034
Bermuda,BMU,1992,0.79999
Bermuda,BMU,1998,0.03986
Bermuda,BMU,2000,0
Bermuda,BMU,2010,0.31103
Bermuda,BMU,2014,0.28023
Bermuda,BMU,2017,0.22504
Bermuda,BMU,2023,0.19011
Bhutan,BTN,2005,1.02518
Bhutan,BTN,2009,0.62738
Bhutan,BTN,2010,0.62328
Bhutan,BTN,2011,0.52604
Bhutan,BTN,2014,0.62434
Bhutan,BTN,2015,0.097
Bhutan,BTN,2016,0.179
Bhutan,BTN,2017,0.338
Bhutan,BTN,2018,0.363
Bhutan,BTN,2019,0.537
Bhutan,BTN,2020,0.627
Bhutan,BTN,2021,0.641
Bhutan,BTN,2022,0.539
Bolivia,BOL,2006,1.65158
Bolivia,BOL,2007,1.76479
Bolivia,BOL,2008,1.74337
Bolivia,BOL,2009,1.99825
Bolivia,BOL,2010,1.73456
Bolivia,BOL,2011,1.65631
Bolivia,BOL,2012,1.60998
Bolivia,BOL,2013,1.69471
Bolivia,BOL,2014,1.90936
Bolivia,BOL,2015,2.1133
Bolivia,BOL,2016,2.03252
Bolivia,BOL,2017,1.87739
Bolivia,BOL,2018,1.81085
Bolivia,BOL,2019,1.8628
Bolivia,BOL,2020,1.95354
Bolivia,BOL,2021,1.77604
Bolivia,BOL,2022,1.70053
Bosnia and Herzegovina,BIH,2016,0.74073
Bosnia and Herzegovina,BIH,2018,0.73296
Bosnia and Herzegovina,BIH,2019,0.80672
Botswana,BWA,1971,0.33648
Botswana,BWA,1972,0.45374
Botswana,BWA,1973,0.46499
Botswana,BWA,1974,0.5211
Botswana,BWA,1975,0.72902
Botswana,BWA,1976,0.77061
Botswana,BWA,1977,0.84668
Botswana,BWA,1978,0.84655
Botswana,BWA,1979,0.36466
Botswana,BWA,1980,0.75516
Botswana,BWA,1983,0.90264
Botswana,BWA,1984,0.855
Botswana,BWA,1985,0.8253
Botswana,BWA,1986,0.97819
Botswana,BWA,1987,0.87661
Botswana,BWA,1988,0.66325
Botswana,BWA,1990,1.10195
Botswana,BWA,1992,0.99943
Botswana,BWA,2005,2.97579
Botswana,BWA,2007,2.48734
Botswana,BWA,2009,4.07843
Brazil,BRA,1995,1.1634
Brazil,BRA,1998,1.01973
Brazil,BRA,1999,0.80066
Brazil,BRA,2000,0.87168
Brazil,BRA,2001,0.83003
Brazil,BRA,2002,0.8847
Brazil,BRA,2004,0.75198
Brazil,BRA,2005,0.8508
Brazil,BRA,2006,0.81165
Brazil,BRA,2007,0.80442
Brazil,BRA,2008,0.83828
Brazil,BRA,2009,0.87355
Brazil,BRA,2010,0.9263
Brazil,BRA,2011,0.96178
Brazil,BRA,2012,1.01311
Brazil,BRA,2013,1.08613
Brazil,BRA,2014,1.14653
Brazil,BRA,2015,1.33896
Brazil,BRA,2016,1.3849
Brazil,BRA,2017,1.52002
Brazil,BRA,2018,1.37652
Brazil,BRA,2019,1.33372
Brazil,BRA,2020,1.17735
British Virgin Islands,VGB,1970,0.15499
British Virgin Islands,VGB,1971,0.34904
British Virgin Islands,VGB,1973,0.56538
British Virgin Islands,VGB,2001,0.63427
British Virgin Islands,VGB,2005,1.04278
British Virgin Islands,VGB,2006,1.21817
British Virgin Islands,VGB,2007,1.00786
British Virgin Islands,VGB,2015,1.04272
British Virgin Islands,VGB,2016,0.298
British Virgin Islands,VGB,2017,0.86367
British Virgin Islands,VGB,2018,0.82497
British Virgin Islands,VGB,2019,1.01475
British Virgin Islands,VGB,2020,0.89352
British Virgin Islands,VGB,2021,0.778
Brunei,BRN,1970,0.3413
Brunei,BRN,1971,0.38779
Brunei,BRN,1972,0.3913
Brunei,BRN,1973,0.24314
Brunei,BRN,1974,0.12446
Brunei,BRN,1975,0.15146
Brunei,BRN,1976,0.12559
Brunei,BRN,1978,0.19542
Brunei,BRN,1979,0.17818
Brunei,BRN,1980,0.1818
Brunei,BRN,1981,0.27985
Brunei,BRN,1982,0.21947
Brunei,BRN,1987,0.48782
Brunei,BRN,1988,0.56602
Brunei,BRN,1989,0.09159
Brunei,BRN,1990,0.40512
Brunei,BRN,1991,0.07783
Brunei,BRN,1992,0.06293
Brunei,BRN,1993,0.05005
Brunei,BRN,2010,0.49896
Brunei,BRN,2014,1.07039
Brunei,BRN,2016,0.83616
Bulgaria,BGR,1980,0.58208
Bulgaria,BGR,1990,0.83699
Bulgaria,BGR,1991,0.78187
Bulgaria,BGR,1992,0.83616
Bulgaria,BGR,1993,0.89762
Bulgaria,BGR,1994,0.73801
Bulgaria,BGR,1995,0.43067
Bulgaria,BGR,1996,0.4499
Bulgaria,BGR,1998,0.39339
Bulgaria,BGR,2001,0.53639
Bulgaria,BGR,2002,0.5145
Bulgaria,BGR,2003,0.78754
Bulgaria,BGR,2004,0.49352
Bulgaria,BGR,2005,0.69273
Bulgaria,BGR,2006,0.67485
Bulgaria,BGR,2007,0.60475
Bulgaria,BGR,2008,0.81851
Bulgaria,BGR,2009,0.88453
Bulgaria,BGR,2010,0.57128
Bulgaria,BGR,2011,0.60214
Bulgaria,BGR,2012,0.61899
Bulgaria,BGR,2013,0.64591
Bulgaria,BGR,2017,0.80689
Bulgaria,BGR,2018,0.75538
Bulgaria,BGR,2019,0.79924
Bulgaria,BGR,2020,0.82634
Burkina Faso,BFA,1978,0.60022
Burkina Faso,BFA,1980,0.66389
Burkina Faso,BFA,1983,0.54098
Burkina Faso,BFA,1985,0.54372
Burkina Faso,BFA,1988,0
Burkina Faso,BFA,1994,0.55575
Burkina Faso,BFA,1996,0
Burkina Faso,BFA,2005,0.37738
Burkina Faso,BFA,2006,0.44283
Burkina Faso,BFA,2007,0.62021
Burkina Faso,BFA,2010,0.65985
Burkina Faso,BFA,2011,0.61019
Burkina Faso,BFA,2012,0.63059
Burkina Faso,BFA,2013,0.88686
Burkina Faso,BFA,2014,0.49813
Burkina Faso,BFA,2015,0.50104
Burkina Faso,BFA,2016,1.51569
Burundi,BDI,1979,0.6289
Burundi,BDI,1981,0.77529
Burundi,BDI,1990,0.77987
Burundi,BDI,1991,0.96886
Burundi,BDI,1992,0.93972
Burundi,BDI,1994,0.89081
Burundi,BDI,1995,0.87887
Burundi,BDI,1996,0.76055
Burundi,BDI,1999,0.83056
Burundi,BDI,2000,0.71228
Burundi,BDI,2001,0.80631
Burundi,BDI,2002,0.74918
Burundi,BDI,2004,0.68469
Burundi,BDI,2005,0.556
Burundi,BDI,2008,1.1014
Burundi,BDI,2009,1.13228
Burundi,BDI,2010,1.22182
Burundi,BDI,2011,1.10333
Burundi,BDI,2012,1.26927
Burundi,BDI,2013,1.45291
Cambodia,KHM,1998,0.05749
Cambodia,KHM,2009,0.10493
Cambodia,KHM,2010,0.08968
Cambodia,KHM,2011,0.08067
Cambodia,KHM,2012,0.094
Cambodia,KHM,2013,0.108
Cambodia,KHM,2014,0.122
Cambodia,KHM,2015,0.131
Cambodia,KHM,2016,0.131
Cambodia,KHM,2017,0.139
Cambodia,KHM,2018,0.152
Cambodia,KHM,2020,0.183
Cambodia,KHM,2021,0.176
Cameroon,CMR,1971,0.56889
Cameroon,CMR,1972,0.68558
Cameroon,CMR,1982,0.95541
Cameroon,CMR,1983,1.28226
Cameroon,CMR,1984,0.8233
Cameroon,CMR,1986,0.78023
Cameroon,CMR,1987,0.8025
Cameroon,CMR,1988,0.70241
Cameroon,CMR,1989,0.86015
Cameroon,CMR,1990,1.19991
Cameroon,CMR,1991,0.95135
Cameroon,CMR,1992,0.42953
Cameroon,CMR,2004,0.28966
Cameroon,CMR,2005,0.33587
Cameroon,CMR,2006,0.26664
Cameroon,CMR,2007,0.30551
Cameroon,CMR,2008,0.22113
Cameroon,CMR,2009,0.25083
Cameroon,CMR,2010,0.25754
Cameroon,CMR,2011,0.40049
Cameroon,CMR,2012,0.20225
Cameroon,CMR,2013,0.27105
Cameroon,CMR,2014,0.324
Cameroon,CMR,2015,0.293
Cameroon,CMR,2016,0.238
Cameroon,CMR,2017,0.323
Cameroon,CMR,2018,0.29
Cameroon,CMR,2019,0.282
Cameroon,CMR,2020,0.278
Cameroon,CMR,2021,0.259
Cameroon,CMR,2022,0.227
Canada,CAN,1971,2.40994
Canada,CAN,1972,2.38067
Canada,CAN,1973,2.18338
Canada,CAN,1974,2.04795
Canada,CAN,1975,2.01829
Canada,CAN,1976,2.10585
Canada,CAN,1977,1.98719
Canada,CAN,1978,2.05659
Canada,CAN,1979,2.04636
Canada,CAN,1980,1.92552
Canada,CAN,1981,1.91648
Canada,CAN,1982,1.90877
Canada,CAN,1983,2.06105
Canada,CAN,1984,2.04714
Canada,CAN,1985,1.88906
Canada,CAN,1986,1.86777
Canada,CAN,1987,1.94564
Canada,CAN,1988,1.8968
Canada,CAN,1989,1.92537
Canada,CAN,1990,1.89896
Canada,CAN,1991,1.92969
Canada,CAN,1992,2.0746
Canada,CAN,1993,2.13311
Canada,CAN,1994,2.30216
Canada,CAN,1995,2.22356
Canada,CAN,1998,1.7031
Canada,CAN,2007,1.75462
Canada,CAN,2008,1.59344
Canada,CAN,2009,1.74593
Canada,CAN,2010,1.89559
Canada,CAN,2011,1.87326
Canada,CAN,2013,1.32545
Canada,CAN,2014,1.65978
Canada,CAN,2015,1.62632
Canada,CAN,2016,1.61437
Canada,CAN,2017,1.65412
Canada,CAN,2018,1.63139
Canada,CAN,2019,1.56344
Canada,CAN,2020,1.56866
Cape Verde,CPV,2002,1.37947
Cape Verde,CPV,2005,0.59069
Cape Verde,CPV,2006,0.72818
Cape Verde,CPV,2008,0.5676
Cape Verde,CPV,2009,0.6796
Cape Verde,CPV,2011,0.76188
Cape Verde,CPV,2012,0.475
Cape Verde,CPV,2013,0.72164
Cape Verde,CPV,2014,0.79026
Cape Verde,CPV,2015,0.88547
Cape Verde,CPV,2016,0.8388
Cape Verde,CPV,2017,0.78771
Cape Verde,CPV,2018,0.456
Cape Verde,CPV,2019,0.41417
Cape Verde,CPV,2021,0.583
Cayman Islands,CYM,2018,0.099
Cayman Islands,CYM,2019,0.091
Central African Republic,CAF,1978,0.52226
Central African Republic,CAF,1986,0.41404
Central African Republic,CAF,1987,0.5325
Central African Republic,CAF,1990,0.47775
Central African Republic,CAF,1991,0.5317
Central African Republic,CAF,2006,0.3229
Central African Republic,CAF,2007,0.2795
Central African Republic,CAF,2008,0.22552
Central African Republic,CAF,2009,0.28499
Central African Republic,CAF,2010,0.22882
Central African Republic,CAF,2011,0.30237
Chad,TCD,1997,0.13429
Chad,TCD,1998,0.27345
Chad,TCD,2004,0.28015
Chad,TCD,2005,0.31744
Chad,TCD,2009,0.28612
Chad,TCD,2010,0.39161
Chad,TCD,2011,0.36768
Chad,TCD,2012,0.66755
Chad,TCD,2013,0.9037
Chad,TCD,2018,0.23168
Chad,TCD,2020,0.47064
Chad,TCD,2021,0.35304
Chile,CHL,1974,1.79814
Chile,CHL,1975,0.9832
Chile,CHL,1978,0.99656
Chile,CHL,1979,1.17234
Chile,CHL,1980,1.51261
Chile,CHL,1981,1.78675
Chile,CHL,1987,0.58625
Chile,CHL,1990,0.45335
Chile,CHL,1993,0.49575
Chile,CHL,1994,0.4817
Chile,CHL,1995,0.45247
Chile,CHL,1996,0.46458
Chile,CHL,1997,0.49326
Chile,CHL,1998,0.54913
Chile,CHL,2000,0.54608
Chile,CHL,2002,0.56794
Chile,CHL,2003,0.51535
Chile,CHL,2004,0.53562
Chile,CHL,2005,0.4581
Chile,CHL,2006,0.45029
Chile,CHL,2007,0.49502
Chile,CHL,2008,0.55037
Chile,CHL,2009,0.66382
Chile,CHL,2010,0.93552
Chile,CHL,2011,0.88515
Chile,CHL,2012,0.95894
Chile,CHL,2013,1.16499
Chile,CHL,2014,1.17349
Chile,CHL,2015,1.25942
Chile,CHL,2016,1.36284
Chile,CHL,2017,1.37185
Chile,CHL,2018,1.38049
Chile,CHL,2019,1.43912
Chile,CHL,2020,1.44513
China,CHN,1971,0.19333
China,CHN,1972,0.2292
China,CHN,1973,0.25978
China,CHN,1974,0.2815
China,CHN,1975,0.27307
China,CHN,1976,0.30549
China,CHN,1977,0.28954
China,CHN,1978,0.40694
China,CHN,1979,0.56677
China,CHN,1980,0.58637
China,CHN,1981,0.6153
China,CHN,1982,0.62121
China,CHN,1983,0.67581
China,CHN,1984,0.67871
China,CHN,1985,0.68546
China,CHN,1986,0.7044
China,CHN,1987,0.58039
China,CHN,1988,0.51837
China,CHN,1992,0.42906
China,CHN,1993,0.38443
China,CHN,1994,0.42461
China,CHN,1995,0.36006
China,CHN,1996,0.36439
China,CHN,1998,0.28736
China,CHN,1999,0.45283
Colombia,COL,1979,0.40975
Colombia,COL,1980,0.44138
Colombia,COL,1981,0.59215
Colombia,COL,1984,0.61959
Colombia,COL,1985,0.61067
Colombia,COL,1989,0.50836
Colombia,COL,1998,0.76923
Colombia,COL,1999,0.84687
Colombia,COL,2000,0.69795
Colombia,COL,2001,0.73709
Colombia,COL,2004,0.54289
Colombia,COL,2005,0.55546
Colombia,COL,2008,0.86834
Colombia,COL,2009,0.9359
Colombia,COL,2010,1.06854
Colombia,COL,2011,0.92025
Colombia,COL,2012,0.96029
Colombia,COL,2013,0.86479
Colombia,COL,2014,0.96085
Colombia,COL,2015,0.95584
Colombia,COL,2016,1.02871
Colombia,COL,2017,1.02014
Colombia,COL,2018,1.03729
Colombia,COL,2019,0.73831
Colombia,COL,2020,0.80302
Comoros,COM,1998,0.07302
Comoros,COM,2002,0.1732
Comoros,COM,2008,0.64606
Comoros,COM,2011,0.25398
Comoros,COM,2012,0.22543
Comoros,COM,2013,0.23213
Comoros,COM,2014,0.21246
Comoros,COM,2015,0.26498
Congo,COG,1970,0.53321
Congo,COG,1971,0.79298
Congo,COG,1973,0.91488
Congo,COG,1975,2.11937
Congo,COG,1978,1.85325
Congo,COG,1979,1.75359
Congo,COG,1980,1.6296
Congo,COG,1994,1.89829
Congo,COG,1995,1.35164
Congo,COG,2002,0.81705
Congo,COG,2005,0.43559
Congo,COG,2010,0.6183
Congo,COG,2013,0.55347
Cook Islands,COK,1971,0.01004
Cook Islands,COK,1985,0.36189
Cook Islands,COK,1987,0.35568
Cook Islands,COK,1992,0.71364
Cook Islands,COK,1999,0
Cook Islands,COK,2000,0
Cook Islands,COK,2011,0
Cook Islands,COK,2012,0.28467
Cook Islands,COK,2013,0.22834
Cook Islands,COK,2014,0.37568
Cook Islands,COK,2015,0.34405
Cook Islands,COK,2016,0.50307
Cook Islands,COK,2020,0.369
Cook Islands,COK,2021,0.515
Cook Islands,COK,2022,0.44597
Costa Rica,CRI,1980,2.17252
Costa Rica,CRI,1982,1.81254
Costa Rica,CRI,1983,1.5413
Costa Rica,CRI,1986,1.91045
Costa Rica,CRI,1988,1.71869
Costa Rica,CRI,1989,1.7236
Costa Rica,CRI,1995,1.04848
Costa Rica,CRI,1996,1.10813
Costa Rica,CRI,1999,0.93246
Costa Rica,CRI,2000,0.90715
Costa Rica,CRI,2001,0.92566
Costa Rica,CRI,2002,0.96904
Costa Rica,CRI,2004,0.91828
Costa Rica,CRI,2006,0.96603
Costa Rica,CRI,2007,0.96902
Costa Rica,CRI,2008,1.02145
Costa Rica,CRI,2009,1.14113
Costa Rica,CRI,2010,1.20926
Costa Rica,CRI,2011,1.25291
Costa Rica,CRI,2012,1.29594
Costa Rica,CRI,2013,1.37191
Costa Rica,CRI,2014,1.44818
Costa Rica,CRI,2015,1.52965
Costa Rica,CRI,2016,1.58246
Costa Rica,CRI,2017,1.6712
Costa Rica,CRI,2018,1.56631
Costa Rica,CRI,2019,1.48401
Costa Rica,CRI,2020,1.41252
Costa Rica,CRI,2021,1.33052
Cote d'Ivoire,CIV,1970,0.89551
Cote d'Ivoire,CIV,1972,1.05042
Cote d'Ivoire,CIV,1973,0.97228
Cote d'Ivoire,CIV,1974,1.07199
Cote d'Ivoire,CIV,1975,1.22996
Cote d'Ivoire,CIV,1976,1.02998
Cote d'Ivoire,CIV,1978,1.5336
Cote d'Ivoire,CIV,1979,1.96684
Cote d'Ivoire,CIV,1980,1.04819
Cote d'Ivoire,CIV,1992,1.00471
Cote d'Ivoire,CIV,1993,0.99193
Cote d'Ivoire,CIV,1994,0.80052
Cote d'Ivoire,CIV,1995,0.79819
Cote d'Ivoire,CIV,1996,0.49768
Cote d'Ivoire,CIV,1997,0.51645
Cote d'Ivoire,CIV,1998,0.57251
Cote d'Ivoire,CIV,1999,0.55861
Cote d'Ivoire,CIV,2000,0.52909
Cote d'Ivoire,CIV,2001,0.47485
Cote d'Ivoire,CIV,2002,0.48704
Cote d'Ivoire,CIV,2003,0.53555
Cote d'Ivoire,CIV,2004,0.5888
Cote d'Ivoire,CIV,2005,0.58389
Cote d'Ivoire,CIV,2006,0.61851
Cote d'Ivoire,CIV,2007,0.72094
Cote d'Ivoire,CIV,2008,0.73667
Cote d'Ivoire,CIV,2009,0.69618
Cote d'Ivoire,CIV,2010,0.72185
Cote d'Ivoire,CIV,2011,0.74107
Cote d'Ivoire,CIV,2012,0.8506
Cote d'Ivoire,CIV,2013,0.86108
Cote d'Ivoire,CIV,2014,0.69672
Cote d'Ivoire,CIV,2015,0.74929
Cote d'Ivoire,CIV,2016,0.86192
Cote d'Ivoire,CIV,2017,0.9728
Cote d'Ivoire,CIV,2018,0.45052
Cote d'Ivoire,CIV,2019,0.69232
Cote d'Ivoire,CIV,2020,0.86101
Cote d'Ivoire,CIV,2021,0.71837
Cote d'Ivoire,CIV,2022,0.74787
Croatia,HRV,1999,0.74475
Croatia,HRV,2000,0.92545
Croatia,HRV,2002,0.73209
Croatia,HRV,2003,0.7176
Croatia,HRV,2004,0.69215
Croatia,HRV,2007,0.78761
Croatia,HRV,2008,0.94127
Croatia,HRV,2009,0.82733
Croatia,HRV,2010,0.77425
Croatia,HRV,2011,0.91412
Croatia,HRV,2013,0.99189
Croatia,HRV,2017,0.85715
Croatia,HRV,2018,0.86399
Croatia,HRV,2019,0.87031
Croatia,HRV,2020,0.96902
Cuba,CUB,1980,0.75677
Cuba,CUB,1991,1.29092
Cuba,CUB,1993,1.32916
Cuba,CUB,1994,1.06879
Cuba,CUB,1998,1.02033
Cuba,CUB,1999,1.0756
Cuba,CUB,2000,1.35383
Cuba,CUB,2001,1.42964
Cuba,CUB,2002,1.67865
Cuba,CUB,2004,2.23629
Cuba,CUB,2005,2.3291
Cuba,CUB,2006,2.07344
Cuba,CUB,2007,2.98098
Curacao,CUW,2013,0.26805
Curacao,CUW,2018,0.28
Curacao,CUW,2019,0.281
Curacao,CUW,2020,0.337
Cyprus,CYP,1975,0.15525
Cyprus,CYP,1976,0.1189
Cyprus,CYP,1977,0.12054
Cyprus,CYP,1978,0.18401
Cyprus,CYP,1979,0.16196
Cyprus,CYP,1980,0.14192
Cyprus,CYP,1981,0.14612
Cyprus,CYP,1982,0.14382
Cyprus,CYP,1984,0.15179
Cyprus,CYP,1985,0.15673
Cyprus,CYP,1986,0.1496
Cyprus,CYP,1987,0.15667
Cyprus,CYP,1988,0.13979
Cyprus,CYP,1989,0.13058
Cyprus,CYP,1990,0.12748
Cyprus,CYP,1991,0.13781
Cyprus,CYP,1992,0.23897
Cyprus,CYP,1993,0.23764
Cyprus,CYP,1994,0.26036
Cyprus,CYP,1995,0.26736
Cyprus,CYP,1999,0.70405
Cyprus,CYP,2000,0.8547
Cyprus,CYP,2001,0.65624
Cyprus,CYP,2002,0.8056
Cyprus,CYP,2003,1.41827
Cyprus,CYP,2004,1.34702
Cyprus,CYP,2005,1.43719
Cyprus,CYP,2006,1.4893
Cyprus,CYP,2007,1.46437
Cyprus,CYP,2008,1.67981
Cyprus,CYP,2009,1.85649
Cyprus,CYP,2010,1.33491
Cyprus,CYP,2011,1.33322
Cyprus,CYP,2013,1.44874
Cyprus,CYP,2014,1.33607
Cyprus,CYP,2015,1.30537
Cyprus,CYP,2016,1.27143
Cyprus,CYP,2017,1.14523
Cyprus,CYP,2019,0.88013
Cyprus,CYP,2020,0.91448
Czechia,CZE,1992,0.48245
Czechia,CZE,1993,0.77943
Czechia,CZE,1994,0.70932
Czechia,CZE,1995,0.67612
Czechia,CZE,1996,0.68146
Czechia,CZE,1998,0.67715
Czechia,CZE,1999,0.70045
Czechia,CZE,2000,0.69084
Czechia,CZE,2001,0.72179
Czechia,CZE,2002,0.79161
Czechia,CZE,2003,0.85452
Czechia,CZE,2004,0.85863
Czechia,CZE,2005,0.81237
Czechia,CZE,2006,1.12009
Czechia,CZE,2007,0.98142
Czechia,CZE,2008,0.88368
Czechia,CZE,2009,0.96283
Czechia,CZE,2010,0.90893
Czechia,CZE,2011,1.09414
Czechia,CZE,2012,0.98855
Czechia,CZE,2013,0.86914
Czechia,CZE,2014,0.79429
Czechia,CZE,2015,0.76659
Czechia,CZE,2016,0.69955
Czechia,CZE,2017,0.69572
Czechia,CZE,2018,0.92332
Czechia,CZE,2019,0.92987
Czechia,CZE,2020,0.8611
Democratic Republic of Congo,COD,1980,0.69177
Democratic Republic of Congo,COD,1981,0.65135
Democratic Republic of Congo,COD,1982,0.65626
Democratic Republic of Congo,COD,1983,0.4317
Democratic Republic of Congo,COD,1984,0.18306
Democratic Republic of Congo,COD,1985,0.23525
Democratic Republic of Congo,COD,1986,0.18783
Democratic Republic of Congo,COD,1987,0.20007
Democratic Republic of Congo,COD,1988,0.28857
Democratic Republic of Congo,COD,2010,0.36596
Democratic Republic of Congo,COD,2013,0.45273
Democratic Republic of Congo,COD,2015,0.51669
Denmark,DNK,1970,1.22984
Denmark,DNK,1971,1.13873
Denmark,DNK,1972,1.20162
Denmark,DNK,1973,1.32218
Denmark,DNK,1974,1.365
Denmark,DNK,1975,1.46319
Denmark,DNK,1977,1.10284
Denmark,DNK,1978,1.02861
Denmark,DNK,1979,0.92897
Denmark,DNK,1980,1.02902
Denmark,DNK,1986,1.36491
Denmark,DNK,1987,1.32839
Denmark,DNK,1988,1.4778
Denmark,DNK,1989,1.04377
Denmark,DNK,1991,1.19106
Denmark,DNK,1993,2.02194
Denmark,DNK,1994,1.9359
Denmark,DNK,1995,1.81161
Denmark,DNK,1996,1.8722
Denmark,DNK,1998,2.11798
Denmark,DNK,1999,2.29912
Denmark,DNK,2000,2.42541
Denmark,DNK,2001,2.6367
Denmark,DNK,2002,2.62652
Denmark,DNK,2003,2.43619
Denmark,DNK,2004,2.44787
Denmark,DNK,2005,2.31877
Denmark,DNK,2006,2.19391
Denmark,DNK,2007,2.22353
Denmark,DNK,2008,2.11598
Denmark,DNK,2009,2.33535
Denmark,DNK,2010,2.33923
Denmark,DNK,2011,2.36766
Denmark,DNK,2012,2.17101
Denmark,DNK,2013,2.28448
Denmark,DNK,2014,2.34259
Denmark,DNK,2016,2.60279
Denmark,DNK,2017,2.39094
Denmark,DNK,2018,2.38394
Denmark,DNK,2019,2.40691
Denmark,DNK,2020,2.42957
Djibouti,DJI,1970,0
Djibouti,DJI,2010,0.74086
Dominica,DMA,1989,0.10223
Dominica,DMA,1998,0
Dominica,DMA,2015,0.30209
Dominica,DMA,2019,0
Dominica,DMA,2020,0
Dominican Republic,DOM,1970,0.66994
Dominican Republic,DOM,1982,0.36265
Dominican Republic,DOM,1983,0.35314
Dominican Republic,DOM,1984,0.27589
Dominican Republic,DOM,1985,0.26917
Dominican Republic,DOM,1993,0.10288
Dominican Republic,DOM,1994,0.0943
Dominican Republic,DOM,1995,0.09652
Dominican Republic,DOM,1996,0.16481
Dominican Republic,DOM,2007,0.2975
Dominican Republic,DOM,2017,0.388
Dominican Republic,DOM,2018,0.393
Dominican Republic,DOM,2019,0.37
East Timor,TLS,2009,1.04996
East Timor,TLS,2010,1.15884
East Timor,TLS,2012,0.075
East Timor,TLS,2013,0.168
East Timor,TLS,2014,0.214
East Timor,TLS,2015,0.196
East Timor,TLS,2016,0.135
East Timor,TLS,2017,0.09
East Timor,TLS,2018,0.167
East Timor,TLS,2019,0.287
East Timor,TLS,2020,0.232
East Timor,TLS,2021,0.153
Ecuador,ECU,1970,0.33117
Ecuador,ECU,1971,0.18575
Ecuador,ECU,1977,0.55712
Ecuador,ECU,1984,0.90661
Ecuador,ECU,1985,1.07254
Ecuador,ECU,1986,1.23136
Ecuador,ECU,1995,0.46366
Ecuador,ECU,1999,0.12386
Ecuador,ECU,2000,0.05939
Ecuador,ECU,2009,1.31183
Ecuador,ECU,2010,1.61311
Ecuador,ECU,2011,1.58125
Ecuador,ECU,2012,1.60151
Ecuador,ECU,2013,1.61402
Ecuador,ECU,2014,2.12409
Ecuador,ECU,2015,2.17512
Ecuador,ECU,2019,1.17877
Ecuador,ECU,2020,1.13412
Ecuador,ECU,2021,1.04708
Ecuador,ECU,2022,1.03524
Egypt,EGY,1971,1.01099
Egypt,EGY,1972,1.05436
Egypt,EGY,1974,1.57713
Egypt,EGY,1975,1.50271
Egypt,EGY,1976,1.59614
Egypt,EGY,1977,1.36262
Egypt,EGY,1978,1.78592
Egypt,EGY,1980,1.63198
Egypt,EGY,1982,2.17721
Egypt,EGY,1983,1.98668
Egypt,EGY,1988,1.45276
Egypt,EGY,1989,1.50219
Egypt,EGY,1992,1.66844
Egypt,EGY,1993,1.66427
Egypt,EGY,1994,1.75064
Egypt,EGY,1995,1.81257
Egypt,EGY,1996,1.85098
El Salvador,SLV,1975,0.20627
El Salvador,SLV,1998,0.22438
El Salvador,SLV,2000,0.19056
El Salvador,SLV,2002,0.2339
El Salvador,SLV,2003,0.24171
El Salvador,SLV,2005,0.35432
El Salvador,SLV,2006,0.34035
El Salvador,SLV,2007,0.35548
El Salvador,SLV,2009,0.48754
El Salvador,SLV,2010,0.49532
El Salvador,SLV,2012,0.28601
El Salvador,SLV,2013,0.31193
El Salvador,SLV,2014,0.30608
El Salvador,SLV,2015,0.30772
El Salvador,SLV,2016,0.30705
El Salvador,SLV,2017,0.34911
El Salvador,SLV,2018,0.3307
El Salvador,SLV,2019,0.33655
El Salvador,SLV,2020,0.3665
El Salvador,SLV,2021,0.39421
Equatorial Guinea,GNQ,1998,0.65921
Eritrea,ERI,1996,0
Eritrea,ERI,2001,0.56853
Eritrea,ERI,2002,0.52467
Eritrea,ERI,2004,1.00444
Estonia,EST,1995,1.04258
Estonia,EST,1996,1.17209
Estonia,EST,1997,1.16789
Estonia,EST,1998,1.03985
Estonia,EST,1999,1.11564
Estonia,EST,2001,1.02246
Estonia,EST,2002,1.07091
Estonia,EST,2003,1.01574
Estonia,EST,2004,0.84765
Estonia,EST,2005,0.91147
Estonia,EST,2007,1.0153
Estonia,EST,2008,1.08973
Estonia,EST,2009,1.31536
Estonia,EST,2010,1.19944
Estonia,EST,2011,1.25793
Estonia,EST,2012,1.02949
Estonia,EST,2013,1.36727
Estonia,EST,2014,1.41706
Estonia,EST,2015,1.39118
Estonia,EST,2016,1.39865
Estonia,EST,2017,1.13458
Estonia,EST,2018,1.17524
Estonia,EST,2019,1.08643
Estonia,EST,2020,1.13202
Eswatini,SWZ,1976,0.91604
Eswatini,SWZ,1977,0.95063
Eswatini,SWZ,1978,1.7761
Eswatini,SWZ,1979,0.79676
Eswatini,SWZ,1980,0.45575
Eswatini,SWZ,1981,0.73417
Eswatini,SWZ,1982,0.59713
Eswatini,SWZ,1987,1.16233
Eswatini,SWZ,1988,1.14286
Eswatini,SWZ,1989,1.48516
Eswatini,SWZ,1990,1.19242
Eswatini,SWZ,1994,1.71934
Eswatini,SWZ,1995,1.63117
Eswatini,SWZ,1996,1.4108
Eswatini,SWZ,1999,1.63283
Eswatini,SWZ,2000,2.02468
Eswatini,SWZ,2001,1.09059
Eswatini,SWZ,2002,0.99671
Eswatini,SWZ,2003,1.48432
Eswatini,SWZ,2004,1.4388
Eswatini,SWZ,2005,1.55245
Eswatini,SWZ,2006,1.39701
Eswatini,SWZ,2008,1.42639
Eswatini,SWZ,2009,1.41236
Eswatini,SWZ,2010,1.01367
Eswatini,SWZ,2011,0.88131
Eswatini,SWZ,2013,0.763
Eswatini,SWZ,2014,0.94271
Eswatini,SWZ,2015,0.747
Eswatini,SWZ,2016,0.755
Eswatini,SWZ,2017,0.701
Eswatini,SWZ,2018,0.733
Eswatini,SWZ,2019,0.672
Eswatini,SWZ,2020,0.705
Eswatini,SWZ,2021,0.628
Ethiopia,ETH,1982,0.3772
Ethiopia,ETH,1983,0.38195
Ethiopia,ETH,1984,0.33477
Ethiopia,ETH,1985,0.3764
Ethiopia,ETH,1986,0.34799
Ethiopia,ETH,1993,0.31803
Ethiopia,ETH,1996,0.41668
Ethiopia,ETH,1997,0.43934
Ethiopia,ETH,2009,1.73026
Ethiopia,ETH,2010,1.97565
Ethiopia,ETH,2011,2.46186
Ethiopia,ETH,2012,2.60734
Ethiopia,ETH,2013,1.92137
Ethiopia,ETH,2014,2.11332
Fiji,FJI,1979,0.36013
Fiji,FJI,1981,0.31051
Fiji,FJI,1983,0.64814
Fiji,FJI,1989,0.42724
Fiji,FJI,1998,0.89026
Fiji,FJI,1999,0.7714
Fiji,FJI,2000,0.84752
Fiji,FJI,2001,0.9054
Fiji,FJI,2002,0.85431
Fiji,FJI,2004,0.98659
Fiji,FJI,2011,0.5407
Fiji,FJI,2012,0.025
Fiji,FJI,2013,0.8761
Fiji,FJI,2014,0.035
Fiji,FJI,2015,0.051
Fiji,FJI,2016,0.099
Fiji,FJI,2017,0.12
Fiji,FJI,2018,0.03
Fiji,FJI,2019,0.031
Fiji,FJI,2020,0.017
Fiji,FJI,2021,0.016
Finland,FIN,1970,0.60108
Finland,FIN,1971,0.59086
Finland,FIN,1972,0.64372
Finland,FIN,1973,0.69356
Finland,FIN,1974,0.68216
Finland,FIN,1975,0.77994
Finland,FIN,1976,0.81218
Finland,FIN,1979,1.01584
Finland,FIN,1980,1.01776
Finland,FIN,1981,1.01954
Finland,FIN,1982,1.00062
Finland,FIN,1983,0.98251
Finland,FIN,1984,0.96814
Finland,FIN,1985,1.06135
Finland,FIN,1986,1.01727
Finland,FIN,1987,1.10799
Finland,FIN,1988,1.15156
Finland,FIN,1989,1.2082
Finland,FIN,1990,1.35587
Finland,FIN,1991,1.79292
Finland,FIN,1992,1.95341
Finland,FIN,1993,2.11343
Finland,FIN,1994,1.76444
Finland,FIN,1995,1.93522
Finland,FIN,1996,1.94294
Finland,FIN,1999,1.98587
Finland,FIN,2000,1.9429
Finland,FIN,2001,1.92391
Finland,FIN,2002,1.95394
Finland,FIN,2003,1.97553
Finland,FIN,2004,1.98282
Finland,FIN,2005,1.91658
Finland,FIN,2006,1.87644
Finland,FIN,2007,1.77865
Finland,FIN,2008,1.80758
Finland,FIN,2009,2.05081
Finland,FIN,2010,2.07149
Finland,FIN,2011,2.06392
Finland,FIN,2012,2.04181
Finland,FIN,2013,1.99769
Finland,FIN,2014,1.98248
Finland,FIN,2015,1.8773
Finland,FIN,2016,1.81854
Finland,FIN,2017,1.65177
Finland,FIN,2018,1.53841
Finland,FIN,2019,1.511
Finland,FIN,2020,1.58668
France,FRA,1970,0.63001
France,FRA,1971,0.57915
France,FRA,1972,0.58389
France,FRA,1973,0.54887
France,FRA,1974,0.63691
France,FRA,1975,0.63513
France,FRA,1976,0.62409
France,FRA,1977,0.61555
France,FRA,1978,0.60365
France,FRA,1979,0.59156
France,FRA,1980,0.57917
France,FRA,1981,0.65053
France,FRA,1982,0.65706
France,FRA,1983,0.64796
France,FRA,1984,0.66323
France,FRA,1985,0.68363
France,FRA,1986,0.67474
France,FRA,1987,0.65667
France,FRA,1988,0.65344
France,FRA,1989,0.66168
France,FRA,1990,0.68981
France,FRA,1991,0.73453
France,FRA,1992,0.75052
France,FRA,1993,0.92132
France,FRA,1994,0.9435
France,FRA,1995,1.0221
France,FRA,1996,1.04479
France,FRA,2017,1.22644
France,FRA,2018,1.22777
France,FRA,2019,1.21429
France,FRA,2020,1.28447
Gabon,GAB,1992,0
Gabon,GAB,1998,0.33543
Gabon,GAB,2010,1.16487
Gabon,GAB,2011,1.01845
Gabon,GAB,2012,1.02135
Gabon,GAB,2013,1.3741
Gabon,GAB,2014,1.00869
Gambia,GMB,1985,0.57615
Gambia,GMB,1986,0.43177
Gambia,GMB,1989,0.39856
Gambia,GMB,1990,0.56311
Gambia,GMB,1991,0.533
Gambia,GMB,1992,0
Gambia,GMB,1995,0.49036
Gambia,GMB,1996,0.58695
Gambia,GMB,2001,0.30749
Gambia,GMB,2002,0.39844
Gambia,GMB,2003,0.35458
Gambia,GMB,2004,0.09631
Gambia,GMB,2005,0.09873
Gambia,GMB,2006,0.10349
Gambia,GMB,2007,0.12258
Gambia,GMB,2008,0.19702
Gambia,GMB,2009,0.16665
Gambia,GMB,2010,0.25329
Gambia,GMB,2011,0.19086
Gambia,GMB,2012,0.19415
Gambia,GMB,2013,0.19508
Gambia,GMB,2014,0.32502
Gambia,GMB,2015,0.24469
Georgia,GEO,1994,1.22372
Georgia,GEO,2008,0.33799
Georgia,GEO,2011,0.28751
Georgia,GEO,2012,0.36541
Georgia,GEO,2016,0.39841
Georgia,GEO,2017,0.36023
Georgia,GEO,2018,0.4122
Georgia,GEO,2019,0.33582
Georgia,GEO,2021,0.26839
Germany,DEU,1993,0.97335
Germany,DEU,1994,0.96293
Germany,DEU,1995,1.02116
Germany,DEU,1996,1.04956
Germany,DEU,1998,1.03749
Germany,DEU,2008,1.12821
Germany,DEU,2010,1.28492
Germany,DEU,2011,1.29514
Germany,DEU,2012,1.28457
Germany,DEU,2013,1.27317
Germany,DEU,2014,1.27628
Germany,DEU,2015,1.2563
Germany,DEU,2016,1.25751
Germany,DEU,2017,1.24317
Germany,DEU,2018,1.26734
Germany,DEU,2019,1.27836
Germany,DEU,2020,1.38622
Ghana,GHA,1971,1.14073
Ghana,GHA,1972,1.19052
Ghana,GHA,1974,0.75247
Ghana,GHA,1975,0.9724
Ghana,GHA,1976,0.93447
Ghana,GHA,1977,0.92939
Ghana,GHA,1979,0.05253
Ghana,GHA,1981,0.03297
Ghana,GHA,1982,0.04118
Ghana,GHA,1986,0.07026
Ghana,GHA,1987,0.50523
Ghana,GHA,1988,0.37376
Ghana,GHA,2001,0.76007
Ghana,GHA,2004,1.47226
Ghana,GHA,2005,1.63825
Ghana,GHA,2006,1.04512
Ghana,GHA,2007,1.43614
Ghana,GHA,2008,1.48862
Ghana,GHA,2009,1.26946
Ghana,GHA,2010,1.4377
Ghana,GHA,2011,1.0686
Ghana,GHA,2012,1.46667
Ghana,GHA,2013,0.88874
Ghana,GHA,2014,0.80363
Greece,GRC,1970,0.23811
Greece,GRC,1971,0.25687
Greece,GRC,1973,0.28547
Greece,GRC,1974,0.35738
Greece,GRC,1975,0.36336
Greece,GRC,1976,0.39289
Greece,GRC,1977,0.38208
Greece,GRC,1978,0.38951
Greece,GRC,1981,0.40044
Greece,GRC,1982,0.38836
Greece,GRC,1983,0.31381
Greece,GRC,1984,0.44032
Greece,GRC,1986,0.43886
Greece,GRC,1987,0.43469
Greece,GRC,1988,0.44886
Greece,GRC,1989,0.50129
Greece,GRC,1990,0.49585
Greece,GRC,1991,0.46272
Greece,GRC,1998,0.896
Greece,GRC,1999,0.88142
Greece,GRC,2000,0.77631
Greece,GRC,2001,1.02716
Greece,GRC,2002,1.1103
Greece,GRC,2003,1.06076
Greece,GRC,2004,1.27047
Greece,GRC,2005,1.4308
Greece,GRC,2015,0.72705
Greece,GRC,2017,0.63162
Greece,GRC,2018,0.66897
Greece,GRC,2019,0.70245
Grenada,GRD,2003,0.38352
Grenada,GRD,2017,0.43101
Guatemala,GTM,1970,0.22384
Guatemala,GTM,1971,0.23373
Guatemala,GTM,1976,0.31489
Guatemala,GTM,1993,0.35834
Guatemala,GTM,1994,0.23787
Guatemala,GTM,1995,0.27056
Guatemala,GTM,1996,0.26735
Guatemala,GTM,2006,0.36035
Guatemala,GTM,2007,0.3371
Guatemala,GTM,2008,0.34947
Guatemala,GTM,2010,0.32281
Guatemala,GTM,2011,0.36955
Guatemala,GTM,2012,0.38546
Guatemala,GTM,2013,0.35515
Guatemala,GTM,2014,0.36239
Guatemala,GTM,2015,0.4178
Guatemala,GTM,2016,0.4312
Guatemala,GTM,2017,0.39006
Guatemala,GTM,2018,0.43517
Guatemala,GTM,2019,0.42906
Guatemala,GTM,2020,0.3883
Guatemala,GTM,2021,0.40186
Guatemala,GTM,2022,0.32833
Guinea,GIN,1991,0.50336
Guinea,GIN,1992,0.41603
Guinea,GIN,1993,0.48737
Guinea,GIN,2004,0.56966
Guinea,GIN,2005,0.56511
Guinea,GIN,2008,0.54429
Guinea,GIN,2009,0.75507
Guinea,GIN,2010,0.92448
Guinea,GIN,2011,0.99126
Guinea,GIN,2012,0.61224
Guinea,GIN,2013,0.9124
Guinea,GIN,2014,0.94847
Guinea,GIN,2015,0.98474
Guinea,GIN,2016,0.93342
Guinea,GIN,2017,0.85119
Guinea,GIN,2018,0.41242
Guinea-Bissau,GNB,2010,0.09328
Guinea-Bissau,GNB,2011,0.11794
Guinea-Bissau,GNB,2012,0.11585
Guinea-Bissau,GNB,2013,0.08313
Guyana,GUY,1970,0.64302
Guyana,GUY,1977,1.54699
Guyana,GUY,1979,1.24455
Guyana,GUY,1983,1.09298
Guyana,GUY,1984,1.40685
Guyana,GUY,1994,0.20186
Guyana,GUY,1995,0.23337
Guyana,GUY,2002,0.4068
Guyana,GUY,2004,0.34186
Guyana,GUY,2006,0.16344
Guyana,GUY,2007,0.14084
Guyana,GUY,2009,0.15795
Guyana,GUY,2010,0.12755
Guyana,GUY,2011,0.0969
Guyana,GUY,2012,0.11346
Haiti,HTI,1981,0.13332
Haiti,HTI,1982,0.10153
Haiti,HTI,1983,0.08517
Haiti,HTI,1984,0.09846
Haiti,HTI,1985,0.14721
Haiti,HTI,1991,0.10909
Haiti,HTI,2021,0.107
Honduras,HND,1978,0.31023
Honduras,HND,1979,0.32811
Honduras,HND,1980,0.34288
Honduras,HND,1994,0.50698
Honduras,HND,1995,0.4377
Honduras,HND,2010,0.88975
Honduras,HND,2012,0.97429
Honduras,HND,2013,1.08624
Honduras,HND,2014,0.97341
Honduras,HND,2015,0.87808
Hong Kong,HKG,1971,0.58212
Hong Kong,HKG,1972,0.62085
Hong Kong,HKG,1973,0.44835
Hong Kong,HKG,1974,0.45195
Hong Kong,HKG,1975,0.56214
Hong Kong,HKG,1976,0.55579
Hong Kong,HKG,1977,0.53426
Hong Kong,HKG,1978,0.62861
Hong Kong,HKG,1980,0.69814
Hong Kong,HKG,1981,0.69824
Hong Kong,HKG,1982,0.05142
Hong Kong,HKG,1983,0.73119
Hong Kong,HKG,1984,0.72195
Hong Kong,HKG,1985,0.68239
Hong Kong,HKG,1990,0.78333
Hong Kong,HKG,1992,0.98001
Hong Kong,HKG,1996,1.09195
Hong Kong,HKG,2004,1.3835
Hong Kong,HKG,2005,1.17241
Hong Kong,HKG,2006,1.14834
Hong Kong,HKG,2007,1.07959
Hong Kong,HKG,2008,1.01463
Hong Kong,HKG,2009,2.00816
Hong Kong,HKG,2010,0.98744
Hong Kong,HKG,2011,0.99475
Hong Kong,HKG,2012,1.16184
Hong Kong,HKG,2013,1.46751
Hong Kong,HKG,2014,1.0506
Hong Kong,HKG,2015,0.96964
Hong Kong,HKG,2016,1.00222
Hong Kong,HKG,2017,0.94315
Hong Kong,HKG,2018,0.97747
Hong Kong,HKG,2019,1.3277
Hong Kong,HKG,2020,1.83299
Hong Kong,HKG,2021,1.06055
Hong Kong,HKG,2022,1.01335
Hungary,HUN,1991,0.84545
Hungary,HUN,1992,1.05434
Hungary,HUN,1993,1.03582
Hungary,HUN,1994,1.08236
Hungary,HUN,1995,0.90563
Hungary,HUN,1996,0.71679
Hungary,HUN,1998,0.86237
Hungary,HUN,1999,0.91475
Hungary,HUN,2000,1.02332
Hungary,HUN,2001,1.04043
Hungary,HUN,2002,1.09544
Hungary,HUN,2003,1.19849
Hungary,HUN,2004,0.99654
Hungary,HUN,2005,1.00501
Hungary,HUN,2006,1.01254
Hungary,HUN,2007,1.01225
Hungary,HUN,2008,0.99412
Hungary,HUN,2009,1.09104
Hungary,HUN,2010,0.94999
Hungary,HUN,2011,1.06744
Hungary,HUN,2012,0.79073
Hungary,HUN,2013,0.89375
Hungary,HUN,2014,0.75694
Hungary,HUN,2015,0.64431
Hungary,HUN,2016,0.74213
Hungary,HUN,2017,0.82486
Hungary,HUN,2018,0.80915
Hungary,HUN,2019,0.74269
Hungary,HUN,2020,0.75697
Iceland,ISL,1990,0.58325
Iceland,ISL,1993,1.14963
Iceland,ISL,1994,0.94874
Iceland,ISL,1995,0.91854
Iceland,ISL,1996,0.85676
Iceland,ISL,1999,1.15865
Iceland,ISL,2000,1.16339
Iceland,ISL,2001,1.19709
Iceland,ISL,2002,1.31864
Iceland,ISL,2003,1.34648
Iceland,ISL,2004,1.32774
Iceland,ISL,2005,1.40384
Iceland,ISL,2006,1.29352
Iceland,ISL,2007,1.31119
Iceland,ISL,2008,1.38638
Iceland,ISL,2009,1.46654
Iceland,ISL,2010,1.49049
Iceland,ISL,2011,1.31868
Iceland,ISL,2012,1.4702
Iceland,ISL,2013,1.4423
Iceland,ISL,2014,1.43694
Iceland,ISL,2015,1.40872
Iceland,ISL,2016,1.48008
Iceland,ISL,2017,1.36205
Iceland,ISL,2018,1.23115
Iceland,ISL,2019,1.28706
Iceland,ISL,2020,1.46798
India,IND,1999,0.77468
India,IND,2000,0.87772
India,IND,2003,0.72584
India,IND,2004,0.67092
India,IND,2005,0.62356
India,IND,2006,0.6375
India,IND,2009,1.19496
India,IND,2010,1.21855
India,IND,2011,1.31654
India,IND,2012,1.24406
India,IND,2013,1.09676
India,IND,2015,1.25708
India,IND,2016,1.23111
India,IND,2017,1.44217
India,IND,2018,1.42425
India,IND,2019,1.332
India,IND,2020,1.52
India,IND,2021,1.569
Indonesia,IDN,1972,0.37865
Indonesia,IDN,1989,0.1952
Indonesia,IDN,1994,0.28495
Indonesia,IDN,1995,0.34068
Indonesia,IDN,1996,0.31875
Indonesia,IDN,1997,0.3255
Indonesia,IDN,2007,0.38835
Indonesia,IDN,2008,0.31858
Indonesia,IDN,2009,0.42885
Indonesia,IDN,2010,0.45147
Indonesia,IDN,2012,0.58533
Indonesia,IDN,2013,0.55107
Indonesia,IDN,2014,0.49494
Indonesia,IDN,2015,0.56622
Iran,IRN,1971,0.44921
Iran,IRN,1972,0.42319
Iran,IRN,1973,0.50985
Iran,IRN,1974,0.515
Iran,IRN,1975,0.68075
Iran,IRN,1977,2.28976
Iran,IRN,1981,0.64337
Iran,IRN,1982,0.46381
Iran,IRN,1983,0.3056
Iran,IRN,1984,0.75906
Iran,IRN,1985,0.44345
Iran,IRN,1986,0.4505
Iran,IRN,1987,0.49005
Iran,IRN,1988,0.43539
Iran,IRN,1989,0.49523
Iran,IRN,1990,0.50608
Iran,IRN,1991,0.59187
Iran,IRN,1992,0.61219
Iran,IRN,1993,0.71473
Iran,IRN,1995,1.01785
Iran,IRN,1996,0.92561
Iran,IRN,2001,0.789
Iran,IRN,2002,0.8278
Iran,IRN,2003,0.74512
Iran,IRN,2004,0.67241
Iran,IRN,2005,0.62303
Iran,IRN,2006,0.88354
Iran,IRN,2007,0.93638
Iran,IRN,2008,0.80888
Iran,IRN,2009,0.84643
Iran,IRN,2010,0.79217
Iran,IRN,2011,0.94906
Iran,IRN,2012,0.81213
Iran,IRN,2013,0.65449
Iran,IRN,2014,0.73272
Iran,IRN,2015,0.77276
Iran,IRN,2016,0.94668
Iran,IRN,2017,1.12891
Iran,IRN,2018,1.02221
Iran,IRN,2019,0.87434
Iran,IRN,2020,0.84481
Iran,IRN,2022,0.66891
Iraq,IRQ,1977,1.16176
Iraq,IRQ,1980,0.67439
Iraq,IRQ,1989,0.7927
Ireland,IRL,1971,0.63154
Ireland,IRL,1972,0.75516
Ireland,IRL,1973,0.69812
Ireland,IRL,1974,0.72076
Ireland,IRL,1976,0.78478
Ireland,IRL,1977,0.99364
Ireland,IRL,1978,1.01121
Ireland,IRL,1979,1.05347
Ireland,IRL,1980,1.04339
Ireland,IRL,1981,1.119
Ireland,IRL,1982,1.013
Ireland,IRL,1983,0.97861
Ireland,IRL,1984,0.87968
Ireland,IRL,1985,0.9267
Ireland,IRL,1986,0.97865
Ireland,IRL,1987,1.08383
Ireland,IRL,1988,0.97482
Ireland,IRL,1989,0.92305
Ireland,IRL,1990,0.99451
Ireland,IRL,1991,1.02251
Ireland,IRL,1992,1.11652
Ireland,IRL,1993,1.14931
Ireland,IRL,1994,1.19175
Ireland,IRL,1995,1.13385
Ireland,IRL,1996,1.17581
Ireland,IRL,1998,1.09241
Ireland,IRL,1999,1.12205
Ireland,IRL,2000,1.25103
Ireland,IRL,2001,1.16744
Ireland,IRL,2002,1.13444
Ireland,IRL,2003,1.04504
Ireland,IRL,2004,1.05175
Ireland,IRL,2005,1.05296
Ireland,IRL,2006,1.08896
Ireland,IRL,2007,1.10111
Ireland,IRL,2008,1.26958
Ireland,IRL,2009,1.4619
Ireland,IRL,2010,1.34447
Ireland,IRL,2011,1.26638
Ireland,IRL,2012,1.22996
Ireland,IRL,2013,1.14887
Ireland,IRL,2014,1.01624
Ireland,IRL,2015,0.87691
Ireland,IRL,2016,0.73237
Ireland,IRL,2017,0.97106
Ireland,IRL,2018,0.91298
Ireland,IRL,2019,0.85778
Ireland,IRL,2020,0.8443
Israel,ISR,1998,1.16784
Israel,ISR,1999,1.14186
Israel,ISR,2000,1.08932
Israel,ISR,2001,1.10607
Israel,ISR,2002,1.04673
Israel,ISR,2003,1.13387
Israel,ISR,2004,0.94746
Israel,ISR,2005,0.9246
Israel,ISR,2006,0.92121
Israel,ISR,2007,0.93995
Israel,ISR,2008,0.86772
Israel,ISR,2009,0.93122
Israel,ISR,2010,0.91738
Israel,ISR,2011,0.88517
Israel,ISR,2012,0.90415
Israel,ISR,2013,0.91438
Israel,ISR,2014,0.85929
Israel,ISR,2015,0.94122
Israel,ISR,2016,0.8791
Israel,ISR,2017,0.89064
Israel,ISR,2018,0.83273
Israel,ISR,2019,0.84594
Israel,ISR,2020,0.89215
Italy,ITA,1970,0.33815
Italy,ITA,1971,0.3407
Italy,ITA,1974,0.39409
Italy,ITA,1975,0.49698
Italy,ITA,1976,0.46921
Italy,ITA,1978,0.39155
Italy,ITA,1979,0.37375
Italy,ITA,1983,0.5404
Italy,ITA,1984,0.63453
Italy,ITA,1985,0.68405
Italy,ITA,1986,0.69971
Italy,ITA,1988,0.73638
Italy,ITA,1993,0.79953
Italy,ITA,1994,0.7122
Italy,ITA,1995,0.67916
Italy,ITA,1996,0.70955
Italy,ITA,1998,0.72511
Italy,ITA,1999,0.8345
Italy,ITA,2000,0.79385
Italy,ITA,2001,0.76063
Italy,ITA,2002,0.81999
Italy,ITA,2003,0.74572
Italy,ITA,2004,0.74183
Italy,ITA,2005,0.73063
Italy,ITA,2006,0.76865
Italy,ITA,2007,0.72568
Italy,ITA,2008,0.80411
Italy,ITA,2009,0.82648
Italy,ITA,2010,0.81325
Italy,ITA,2011,0.79659
Italy,ITA,2012,0.78131
Italy,ITA,2013,0.81073
Italy,ITA,2014,0.79543
Italy,ITA,2015,0.75766
Italy,ITA,2016,0.72946
Italy,ITA,2017,0.75162
Italy,ITA,2018,0.77424
Italy,ITA,2019,0.77742
Italy,ITA,2020,0.87649
Jamaica,JAM,1973,0.27205
Jamaica,JAM,1974,0.38403
Jamaica,JAM,1975,0.96388
Jamaica,JAM,1976,1.06814
Jamaica,JAM,1977,1.13114
Jamaica,JAM,1985,1.03286
Jamaica,JAM,1986,0.88544
Jamaica,JAM,1988,0.76687
Jamaica,JAM,1989,0.98649
Jamaica,JAM,1990,0.85201
Jamaica,JAM,1991,0.90329
Jamaica,JAM,1992,0.74371
Jamaica,JAM,1993,0.80813
Jamaica,JAM,1994,0.78322
Jamaica,JAM,1995,0.80154
Jamaica,JAM,1996,0.80035
Jamaica,JAM,1997,0.93712
Jamaica,JAM,2001,1.14781
Jamaica,JAM,2002,1.0297
Jamaica,JAM,2003,0.62971
Jamaica,JAM,2004,0.73651
Jamaica,JAM,2005,1.01896
Jamaica,JAM,2007,1.0978
Jamaica,JAM,2008,0.97278
Jamaica,JAM,2009,1.25673
Jamaica,JAM,2010,1.3916
Jamaica,JAM,2011,1.24333
Jamaica,JAM,2012,1.07336
Jamaica,JAM,2013,1.10077
Jamaica,JAM,2014,1.05219
Jamaica,JAM,2015,0.9485
Jamaica,JAM,2016,0.9688
Jamaica,JAM,2017,1.01292
Jamaica,JAM,2018,1.06084
Jamaica,JAM,2019,0.9199
Jamaica,JAM,2021,1.1099
Jamaica,JAM,2022,1.07536
Japan,JPN,1971,0.47589
Japan,JPN,1972,0.48872
Japan,JPN,1973,0.47991
Japan,JPN,1974,0.40562
Japan,JPN,1975,0.45544
Japan,JPN,1976,0.47317
Japan,JPN,1977,0.50294
Japan,JPN,1978,0.51833
Japan,JPN,1979,0.52763
Japan,JPN,1980,0.53208
Japan,JPN,1981,0.53397
Japan,JPN,1982,0.53545
Japan,JPN,1983,0.48015
Japan,JPN,1987,1.28803
Japan,JPN,1988,1.3194
Japan,JPN,1989,1.28038
Japan,JPN,1993,0.35008
Japan,JPN,1994,0.49203
Japan,JPN,1995,0.41088
Japan,JPN,1998,0.39712
Japan,JPN,1999,0.44366
Japan,JPN,2000,0.52451
Japan,JPN,2001,0.51228
Japan,JPN,2002,0.5074
Japan,JPN,2003,0.58222
Japan,JPN,2004,0.61453
Japan,JPN,2005,0.5719
Japan,JPN,2006,0.57426
Japan,JPN,2007,0.60251
Japan,JPN,2008,0.61732
Japan,JPN,2010,0.72299
Japan,JPN,2011,0.7019
Japan,JPN,2012,0.70306
Japan,JPN,2013,0.74852
Japan,JPN,2014,0.72044
Japan,JPN,2015,0.66544
Japan,JPN,2016,0.62292
Japan,JPN,2017,0.62611
Japan,JPN,2018,0.62745
Japan,JPN,2019,0.64047
Japan,JPN,2020,0.69482
Jordan,JOR,1970,0.65236
Jordan,JOR,1971,0.49463
Jordan,JOR,1972,0.05824
Jordan,JOR,1973,0.08481
Jordan,JOR,1974,0.12212
Jordan,JOR,1975,0.18055
Jordan,JOR,1976,0.14422
Jordan,JOR,1977,0.14137
Jordan,JOR,1978,0.14598
Jordan,JOR,1979,1.27623
Jordan,JOR,1981,1.83329
Jordan,JOR,1982,1.90679
Jordan,JOR,1983,1.72814
Jordan,JOR,1984,2.83264
Jordan,JOR,1988,0.25821
Jordan,JOR,1989,1.9542
Jordan,JOR,1996,2.6856
Jordan,JOR,1997,1.80241
Jordan,JOR,1999,0.92232
Jordan,JOR,2016,0.43986
Jordan,JOR,2017,0.39876
Jordan,JOR,2018,0.26495
Jordan,JOR,2019,0.25548
Jordan,JOR,2021,0.24391
Jordan,JOR,2022,0.23186
Kazakhstan,KAZ,1995,0.56557
Kazakhstan,KAZ,1996,0.61298
Kazakhstan,KAZ,1997,0.60838
Kazakhstan,KAZ,2002,0.39729
Kazakhstan,KAZ,2004,0.26381
Kazakhstan,KAZ,2005,0.27831
Kazakhstan,KAZ,2006,0.43069
Kazakhstan,KAZ,2007,0.39388
Kazakhstan,KAZ,2008,0.35985
Kazakhstan,KAZ,2009,0.40199
Kazakhstan,KAZ,2013,0.43898
Kazakhstan,KAZ,2014,0.38843
Kazakhstan,KAZ,2015,0.42544
Kazakhstan,KAZ,2016,0.34679
Kazakhstan,KAZ,2017,0.29053
Kazakhstan,KAZ,2018,0.24542
Kazakhstan,KAZ,2019,0.31061
Kenya,KEN,1971,0.59293
Kenya,KEN,1972,0.61396
Kenya,KEN,1973,0.69091
Kenya,KEN,1974,0.59184
Kenya,KEN,1975,0.79222
Kenya,KEN,1976,0.64305
Kenya,KEN,1977,0.6688
Kenya,KEN,1980,0.96087
Kenya,KEN,1981,0.92839
Kenya,KEN,1982,0.85043
Kenya,KEN,1983,0.86339
Kenya,KEN,1984,0.66311
Kenya,KEN,1985,0.72461
Kenya,KEN,1986,0.85673
Kenya,KEN,1988,1.0621
Kenya,KEN,1989,0.98595
Kenya,KEN,1991,1.87728
Kenya,KEN,1992,1.21732
Kenya,KEN,1993,1.28233
Kenya,KEN,1994,1.0092
Kenya,KEN,1999,0.60994
Kenya,KEN,2000,0.60748
Kenya,KEN,2001,0.68133
Kenya,KEN,2003,0.78893
Kenya,KEN,2004,0.87747
Kenya,KEN,2006,1.08691
Kenya,KEN,2011,0.60065
Kenya,KEN,2012,0.86832
Kenya,KEN,2013,0.68762
Kenya,KEN,2014,0.64639
Kenya,KEN,2015,0.62016
Kiribati,KIR,1970,0.68696
Kiribati,KIR,1971,0
Kiribati,KIR,1974,0.29597
Kuwait,KWT,1971,0.43058
Kuwait,KWT,1972,0.33782
Kuwait,KWT,1973,0.41141
Kuwait,KWT,1974,0.44131
Kuwait,KWT,1975,0.24726
Kuwait,KWT,1976,0.6201
Kuwait,KWT,1977,0.65753
Kuwait,KWT,1978,1.03345
Kuwait,KWT,1979,0.74347
Kuwait,KWT,1980,0.51651
Kuwait,KWT,1981,0.59771
Kuwait,KWT,1982,0.05188
Kuwait,KWT,1983,0.75491
Kuwait,KWT,1984,1.02338
Kuwait,KWT,1985,1.03464
Kuwait,KWT,1986,1.13297
Kuwait,KWT,1992,5.49649
Kuwait,KWT,1996,2.04931
Kuwait,KWT,1997,1.76008
Kuwait,KWT,2002,2.19115
Kuwait,KWT,2003,2.2994
Kuwait,KWT,2004,1.9254
Kuwait,KWT,2005,1.54481
Kuwait,KWT,2006,1.22578
Kyrgyzstan,KGZ,1994,0.64631
Kyrgyzstan,KGZ,1995,0.54201
Kyrgyzstan,KGZ,1996,0.71253
Kyrgyzstan,KGZ,1998,0.94467
Kyrgyzstan,KGZ,1999,0.65629
Kyrgyzstan,KGZ,2000,0.51639
Kyrgyzstan,KGZ,2001,0.66361
Kyrgyzstan,KGZ,2002,0.87213
Kyrgyzstan,KGZ,2003,0.89101
Kyrgyzstan,KGZ,2004,0.91605
Kyrgyzstan,KGZ,2005,0.93492
Kyrgyzstan,KGZ,2006,0.99757
Kyrgyzstan,KGZ,2007,1.02847
Kyrgyzstan,KGZ,2008,0.97217
Kyrgyzstan,KGZ,2009,0.97363
Kyrgyzstan,KGZ,2010,0.9029
Kyrgyzstan,KGZ,2012,0.88804
Kyrgyzstan,KGZ,2013,0.86629
Kyrgyzstan,KGZ,2014,0.25643
Kyrgyzstan,KGZ,2016,0.19908
Kyrgyzstan,KGZ,2017,0.18269
Kyrgyzstan,KGZ,2020,0.15774
Kyrgyzstan,KGZ,2021,0.994
Kyrgyzstan,KGZ,2022,0.117
Laos,LAO,1992,0.07281
Laos,LAO,1996,0.22043
Laos,LAO,1997,0.16877
Laos,LAO,2000,0.18532
Laos,LAO,2001,0.34094
Laos,LAO,2002,0.3568
Laos,LAO,2009,0.3844
Laos,LAO,2010,0.27734
Laos,LAO,2011,0.3568
Laos,LAO,2012,0.28654
Laos,LAO,2013,0.45435
Laos,LAO,2014,0.40578
Laos,LAO,2015,0.206
Laos,LAO,2016,0.208
Laos,LAO,2017,0.187
Laos,LAO,2018,0.175
Laos,LAO,2019,0.159
Laos,LAO,2020,0.144
Laos,LAO,2021,0.14
Laos,LAO,2022,0.043
Latvia,LVA,1996,0.65458
Latvia,LVA,1997,0.78614
Latvia,LVA,1998,0.92261
Latvia,LVA,1999,0.92777
Latvia,LVA,2000,0.85764
Latvia,LVA,2001,0.85133
Latvia,LVA,2002,0.86323
Latvia,LVA,2003,0.70164
Latvia,LVA,2004,0.6501
Latvia,LVA,2006,0.83963
Latvia,LVA,2007,0.86139
Latvia,LVA,2008,0.93005
Latvia,LVA,2009,0.77083
Latvia,LVA,2010,0.80036
Latvia,LVA,2011,1.03818
Latvia,LVA,2012,1.36218
Latvia,LVA,2013,1.36121
Latvia,LVA,2014,1.12553
Latvia,LVA,2015,1.16702
Latvia,LVA,2016,0.74712
Latvia,LVA,2017,0.69
Latvia,LVA,2018,0.73526
Latvia,LVA,2019,0.82066
Latvia,LVA,2020,0.84436
Lebanon,LBN,1993,0.4335
Lebanon,LBN,1994,0.48171
Lebanon,LBN,1995,0.44735
Lebanon,LBN,1996,0.39748
Lebanon,LBN,2002,0.72645
Lebanon,LBN,2004,0.66168
Lebanon,LBN,2005,0.76111
Lebanon,LBN,2006,0.75779
Lebanon,LBN,2007,0.65449
Lebanon,LBN,2008,0.58379
Lebanon,LBN,2009,0.4705
Lebanon,LBN,2010,0.4387
Lebanon,LBN,2011,0.43782
Lebanon,LBN,2012,0.66012
Lebanon,LBN,2013,0.69956
Lesotho,LSO,1971,0.62118
Lesotho,LSO,1972,0.77879
Lesotho,LSO,1973,1.08039
Lesotho,LSO,1974,0.85375
Lesotho,LSO,1983,2.05932
Lesotho,LSO,1984,1.18866
Lesotho,LSO,1985,1.33528
Lesotho,LSO,1988,1.29638
Lesotho,LSO,1989,1.03691
Lesotho,LSO,1993,1.34226
Lesotho,LSO,1994,1.32732
Lesotho,LSO,1995,1.18673
Lesotho,LSO,1997,2.65782
Lesotho,LSO,1999,2.73276
Lesotho,LSO,2000,1.68639
Lesotho,LSO,2001,1.74549
Lesotho,LSO,2005,4.4023
Lesotho,LSO,2006,4.14989
Lesotho,LSO,2008,4.48593
Lesotho,LSO,2018,0.53955
Liberia,LBR,2007,0.29118
Liberia,LBR,2012,0.56092
Liberia,LBR,2021,0.99569
Libya,LBY,1999,1.19382
Liechtenstein,LIE,2003,0.31659
Liechtenstein,LIE,2004,0.33791
Liechtenstein,LIE,2006,0.18628
Liechtenstein,LIE,2007,0.17467
Lithuania,LTU,1995,0.88089
Lithuania,LTU,1996,0.92636
Lithuania,LTU,1997,1.05068
Lithuania,LTU,2001,1.32608
Lithuania,LTU,2002,1.39308
Lithuania,LTU,2003,0.98637
Lithuania,LTU,2004,1.05941
Lithuania,LTU,2005,1.02418
Lithuania,LTU,2006,0.99278
Lithuania,LTU,2007,0.99914
Lithuania,LTU,2008,1.02629
Lithuania,LTU,2009,1.12519
Lithuania,LTU,2010,1.24827
Lithuania,LTU,2011,1.45502
Lithuania,LTU,2012,1.379
Lithuania,LTU,2013,1.32371
Lithuania,LTU,2014,1.32867
Lithuania,LTU,2015,1.17767
Lithuania,LTU,2016,0.82172
Lithuania,LTU,2017,0.75273
Lithuania,LTU,2018,0.79037
Lithuania,LTU,2019,0.79954
Lithuania,LTU,2020,0.93104
Luxembourg,LUX,1970,0.08393
Luxembourg,LUX,1971,0.13195
Luxembourg,LUX,1972,0.14498
Luxembourg,LUX,1973,0.14406
Luxembourg,LUX,1975,0.1227
Luxembourg,LUX,1976,0.10445
Luxembourg,LUX,1977,0.09274
Luxembourg,LUX,1978,0.08651
Luxembourg,LUX,1979,0.0893
Luxembourg,LUX,1980,0.08535
Luxembourg,LUX,1981,0.09856
Luxembourg,LUX,1982,0.09299
Luxembourg,LUX,1983,0.09183
Luxembourg,LUX,1986,0.15162
Luxembourg,LUX,1987,0.15574
Luxembourg,LUX,1988,0.15212
Luxembourg,LUX,1989,0.15417
Luxembourg,LUX,1995,0.15968
Luxembourg,LUX,1996,0.15432
Luxembourg,LUX,2012,0.41304
Luxembourg,LUX,2013,0.52407
Luxembourg,LUX,2014,0.48772
Luxembourg,LUX,2015,0.49364
Luxembourg,LUX,2017,0.4494
Luxembourg,LUX,2018,0.40033
Luxembourg,LUX,2019,0.44817
Luxembourg,LUX,2020,0.45656
Macao,MAC,1998,1.10808
Macao,MAC,1999,0.94596
Macao,MAC,2000,0.93987
Macao,MAC,2002,1.14252
Macao,MAC,2003,1.14291
Macao,MAC,2004,0.9967
Macao,MAC,2005,1.03885
Macao,MAC,2006,0.89989
Macao,MAC,2007,0.75313
Macao,MAC,2008,0.80468
Macao,MAC,2009,0.84314
Macao,MAC,2010,1.26765
Macao,MAC,2011,1.59266
Macao,MAC,2012,2.2656
Macao,MAC,2013,0.92144
Macao,MAC,2014,0.87525
Macao,MAC,2015,1.26696
Macao,MAC,2016,1.21729
Macao,MAC,2017,1.00467
Macao,MAC,2018,1.04987
Macao,MAC,2019,1.22104
Macao,MAC,2020,2.27418
Macao,MAC,2021,1.82731
Madagascar,MDG,1972,0.90927
Madagascar,MDG,1973,0.19171
Madagascar,MDG,1974,0.28338
Madagascar,MDG,1975,0.34663
Madagascar,MDG,1976,0.53175
Madagascar,MDG,1977,0.98682
Madagascar,MDG,1979,1.0429
Madagascar,MDG,1980,1.20696
Madagascar,MDG,1981,0.87149
Madagascar,MDG,1982,0.74891
Madagascar,MDG,1983,0.58709
Madagascar,MDG,1984,0.59534
Madagascar,MDG,1985,0.5779
Madagascar,MDG,1993,0.43723
Madagascar,MDG,1997,0.32407
Madagascar,MDG,1998,0.27265
Madagascar,MDG,2005,0.33383
Madagascar,MDG,2006,0.36489
Madagascar,MDG,2007,0.37
Madagascar,MDG,2008,0.39239
Madagascar,MDG,2009,0.43473
Madagascar,MDG,2011,0.321
Madagascar,MDG,2012,0.35578
Malawi,MWI,1986,0.64072
Malawi,MWI,1987,0.81782
Malawi,MWI,1988,0.66871
Malawi,MWI,1989,0.34715
Malawi,MWI,1990,0.38819
Malawi,MWI,1995,0.74602
Malawi,MWI,1996,0.65612
Malawi,MWI,1999,0.5154
Malawi,MWI,2000,0.56431
Malawi,MWI,2001,0.47259
Malawi,MWI,2010,0.7248
Malawi,MWI,2011,0.75988
Malawi,MWI,2013,1.05532
Malawi,MWI,2014,0.71663
Malawi,MWI,2015,0.93301
Malawi,MWI,2016,0.75849
Malaysia,MYS,1971,0.51491
Malaysia,MYS,1979,0.70857
Malaysia,MYS,1980,0.84609
Malaysia,MYS,1981,1.04204
Malaysia,MYS,1982,1.12274
Malaysia,MYS,1984,0.94014
Malaysia,MYS,1985,1.09808
Malaysia,MYS,1986,1.30845
Malaysia,MYS,1987,1.09866
Malaysia,MYS,1992,1.09568
Malaysia,MYS,1993,0.83685
Malaysia,MYS,1994,0.85286
Malaysia,MYS,1995,0.86887
Malaysia,MYS,1996,1.17013
Malaysia,MYS,1997,1.3414
Malaysia,MYS,2000,1.91465
Malaysia,MYS,2001,2.5635
Malaysia,MYS,2002,2.55005
Malaysia,MYS,2003,2.62499
Malaysia,MYS,2004,1.98126
Malaysia,MYS,2006,1.62084
Malaysia,MYS,2007,1.44421
Malaysia,MYS,2009,2.14738
Malaysia,MYS,2010,1.71114
Malaysia,MYS,2011,2.13043
Malaysia,MYS,2012,1.63379
Malaysia,MYS,2013,1.67217
Malaysia,MYS,2016,1.11148
Malaysia,MYS,2017,0.98146
Malaysia,MYS,2018,0.95606
Malaysia,MYS,2019,0.94536
Malaysia,MYS,2020,0.59892
Malaysia,MYS,2022,0.632
Maldives,MDV,2009,0.37404
Maldives,MDV,2010,0.29888
Maldives,MDV,2011,0.15327
Maldives,MDV,2012,0.45434
Maldives,MDV,2013,0.54032
Maldives,MDV,2014,0.4461
Maldives,MDV,2015,0.55661
Maldives,MDV,2016,0.436
Maldives,MDV,2017,0.769
Maldives,MDV,2019,0.573
Maldives,MDV,2021,0.832
Maldives,MDV,2022,0.85
Mali,MLI,1978,0.87064
Mali,MLI,1980,0.86124
Mali,MLI,1981,0.5515
Mali,MLI,1982,0.61956
Mali,MLI,1986,0.33153
Mali,MLI,1998,0.38767
Mali,MLI,1999,0.32654
Mali,MLI,2008,0.54658
Mali,MLI,2009,0.61213
Mali,MLI,2010,0.69353
Mali,MLI,2011,0.87314
Mali,MLI,2012,0.7078
Mali,MLI,2013,0.62522
Mali,MLI,2014,0.78755
Mali,MLI,2015,0.78975
Mali,MLI,2016,0.67294
Mali,MLI,2017,0.65514
Mali,MLI,2018,0.67022
Mali,MLI,2019,0.7026
Mali,MLI,2020,0.61304
Mali,MLI,2021,0.65669
Malta,MLT,1971,0.85957
Malta,MLT,1972,0.9479
Malta,MLT,1973,0.82766
Malta,MLT,1974,0.64647
Malta,MLT,1975,0.61391
Malta,MLT,1976,0.51307
Malta,MLT,1977,0.46025
Malta,MLT,1978,0.45234
Malta,MLT,1979,0.33021
Malta,MLT,1981,0.2737
Malta,MLT,1982,0.28637
Malta,MLT,1983,0.27513
Malta,MLT,1984,0.26891
Malta,MLT,1985,0.27554
Malta,MLT,1986,0.23902
Malta,MLT,1987,0.28559
Malta,MLT,1988,0.33974
Malta,MLT,1989,0.49544
Malta,MLT,1990,0.7103
Malta,MLT,1991,0.86424
Malta,MLT,1992,0.81679
Malta,MLT,1998,0.7737
Malta,MLT,2002,0.81223
Malta,MLT,2004,0.48714
Malta,MLT,2007,0.89885
Malta,MLT,2008,0.97338
Malta,MLT,2009,1.1081
Malta,MLT,2010,1.42587
Malta,MLT,2011,1.07012
Malta,MLT,2012,1.40694
Malta,MLT,2013,1.45898
Malta,MLT,2014,1.34964
Malta,MLT,2015,1.27262
Malta,MLT,2016,1.37637
Malta,MLT,2017,1.18773
Malta,MLT,2019,1.32118
Marshall Islands,MHL,2002,1.20694
Marshall Islands,MHL,2019,0.21393
Marshall Islands,MHL,2022,0.47914
Mauritania,MRT,1997,0.13817
Mauritania,MRT,1999,0.24226
Mauritania,MRT,2011,0.299
Mauritania,MRT,2012,0.26413
Mauritania,MRT,2013,0.26559
Mauritania,MRT,2015,0.37374
Mauritania,MRT,2016,0.34472
Mauritania,MRT,2019,0.3314
Mauritania,MRT,2020,0.32861
Mauritania,MRT,2021,0.22908
Mauritius,MUS,1977,0.63988
Mauritius,MUS,1978,0.48879
Mauritius,MUS,1981,0.36923
Mauritius,MUS,1982,0.34969
Mauritius,MUS,1983,0.29936
Mauritius,MUS,1984,0.28833
Mauritius,MUS,1985,0.25836
Mauritius,MUS,1986,0.18715
Mauritius,MUS,1987,0.17462
Mauritius,MUS,1988,0.23285
Mauritius,MUS,1989,0.23812
Mauritius,MUS,1990,0.23592
Mauritius,MUS,1991,0.63717
Mauritius,MUS,2001,0.39531
Mauritius,MUS,2002,0.476
Mauritius,MUS,2003,0.65292
Mauritius,MUS,2004,0.60312
Mauritius,MUS,2005,0.46278
Mauritius,MUS,2006,0.38194
Mauritius,MUS,2008,0.31268
Mauritius,MUS,2009,0.38188
Mauritius,MUS,2010,0.33258
Mauritius,MUS,2011,0.26533
Mauritius,MUS,2012,0.26833
Mauritius,MUS,2013,0.28621
Mauritius,MUS,2014,0.33993
Mauritius,MUS,2015,0.32463
Mauritius,MUS,2016,0.31019
Mauritius,MUS,2017,0.286
Mauritius,MUS,2018,0.3003
Mauritius,MUS,2019,0.31973
Mauritius,MUS,2020,0.30355
Mauritius,MUS,2021,0.32385
Mauritius,MUS,2022,0.38704
Mexico,MEX,1989,0.3698
Mexico,MEX,1990,0.38108
Mexico,MEX,1991,0.43086
Mexico,MEX,1992,0.45908
Mexico,MEX,1994,0.73105
Mexico,MEX,1995,0.67741
Mexico,MEX,1998,0.6794
Mexico,MEX,1999,0.72974
Mexico,MEX,2001,0.615
Mexico,MEX,2002,0.87387
Mexico,MEX,2003,0.85516
Mexico,MEX,2004,0.82218
Mexico,MEX,2005,0.84582
Mexico,MEX,2006,0.80833
Mexico,MEX,2007,0.86656
Mexico,MEX,2008,0.90909
Mexico,MEX,2009,1.03772
Mexico,MEX,2010,1.01448
Mexico,MEX,2011,0.9254
Mexico,MEX,2012,0.9933
Mexico,MEX,2013,1.0374
Mexico,MEX,2014,1.12111
Mexico,MEX,2015,1.12304
Mexico,MEX,2016,1.0349
Mexico,MEX,2017,0.91027
Mexico,MEX,2018,0.92426
Mexico,MEX,2019,0.87635
Mexico,MEX,2020,0.94416
Moldova,MDA,1996,1.33725
Moldova,MDA,2006,1.45596
Moldova,MDA,2007,1.61806
Moldova,MDA,2008,1.53587
Moldova,MDA,2009,1.71734
Moldova,MDA,2010,1.36481
Moldova,MDA,2011,1.29699
Moldova,MDA,2012,1.2265
Moldova,MDA,2013,1.14788
Moldova,MDA,2014,1.08981
Moldova,MDA,2016,0.92015
Moldova,MDA,2017,0.84162
Moldova,MDA,2018,0.65916
Moldova,MDA,2019,0.97731
Moldova,MDA,2020,0.94461
Moldova,MDA,2021,0.8073
Moldova,MDA,2022,0.84362
Monaco,MCO,1988,0
Monaco,MCO,1989,0
Monaco,MCO,1992,0
Monaco,MCO,1995,0
Monaco,MCO,1997,0.02975
Monaco,MCO,1998,0
Monaco,MCO,1999,0
Monaco,MCO,2000,0
Monaco,MCO,2004,0.05434
Monaco,MCO,2009,0
Monaco,MCO,2010,0
Monaco,MCO,2011,0
Monaco,MCO,2013,0
Monaco,MCO,2014,0
Monaco,MCO,2021,0.037
Mongolia,MNG,1997,0.62915
Mongolia,MNG,2002,1.11472
Mongolia,MNG,2004,0.79735
Mongolia,MNG,2010,0.31042
Mongolia,MNG,2011,0.17642
Mongolia,MNG,2012,0.727
Mongolia,MNG,2013,0.663
Mongolia,MNG,2014,0.541
Mongolia,MNG,2015,0.292
Mongolia,MNG,2016,0.439
Mongolia,MNG,2017,0.269
Mongolia,MNG,2018,0.502
Mongolia,MNG,2019,0.195
Mongolia,MNG,2020,0.109
Mongolia,MNG,2021,0.07
Mongolia,MNG,2022,0.109
Montserrat,MSR,1998,0
Montserrat,MSR,2000,0.46373
Montserrat,MSR,2001,0.26386
Montserrat,MSR,2018,1.52611
Montserrat,MSR,2019,1.62112
Morocco,MAR,1973,0.38694
Morocco,MAR,1974,0.43232
Morocco,MAR,1975,0.72506
Morocco,MAR,1976,1.00489
Morocco,MAR,1977,0.92221
Morocco,MAR,1978,0.75806
Morocco,MAR,1979,1.03028
Morocco,MAR,1980,0.88147
Morocco,MAR,1981,1.05859
Morocco,MAR,1982,1.20307
Morocco,MAR,1983,1.18778
Morocco,MAR,1984,0.87281
Morocco,MAR,1985,0.8929
Morocco,MAR,1986,1.01585
Morocco,MAR,1987,0.99208
Morocco,MAR,1988,1.0056
Morocco,MAR,1989,0.77588
Morocco,MAR,1990,0.82491
Morocco,MAR,1991,0.77874
Morocco,MAR,1993,0.84827
Morocco,MAR,1995,0.80164
Morocco,MAR,1998,0.7503
Morocco,MAR,1999,0.79275
Morocco,MAR,2000,0.91585
Morocco,MAR,2009,0.97509
Mozambique,MOZ,1999,0.62238
Mozambique,MOZ,2006,0.46999
Mozambique,MOZ,2012,0.69096
Mozambique,MOZ,2013,0.83724
Myanmar,MMR,1972,0.58825
Myanmar,MMR,1973,0.56501
Myanmar,MMR,1975,0.33829
Myanmar,MMR,1976,0.23916
Myanmar,MMR,1977,0.2002
Myanmar,MMR,1978,0.20783
Myanmar,MMR,1995,0.30825
Myanmar,MMR,2011,0.16257
Myanmar,MMR,2017,0.26241
Myanmar,MMR,2018,0.3188
Myanmar,MMR,2019,0.31305
Namibia,NAM,1999,0.85835
Namibia,NAM,2000,0.82551
Namibia,NAM,2001,0.82397
Namibia,NAM,2002,0.58402
Namibia,NAM,2003,0.55893
Namibia,NAM,2006,0.79037
Namibia,NAM,2008,0.63433
Namibia,NAM,2010,1.90301
Namibia,NAM,2014,1.85558
Nepal,NPL,1998,0.60621
Nepal,NPL,1999,0.53381
Nepal,NPL,2000,0.55999
Nepal,NPL,2001,0.44281
Nepal,NPL,2002,0.3806
Nepal,NPL,2003,0.32019
Nepal,NPL,2008,0.51208
Nepal,NPL,2009,0.55882
Nepal,NPL,2010,0.4629
Nepal,NPL,2011,0.45225
Nepal,NPL,2012,0.305
Nepal,NPL,2013,0.273
Nepal,NPL,2014,0.297
Nepal,NPL,2015,0.273
Nepal,NPL,2016,0.384
Nepal,NPL,2017,0.341
Nepal,NPL,2018,0.319
Nepal,NPL,2020,0.059
Nepal,NPL,2021,0.354
Nepal,NPL,2022,0.328
Netherlands,NLD,1970,1.56488
Netherlands,NLD,1971,1.63913
Netherlands,NLD,1972,1.78893
Netherlands,NLD,1973,1.59878
Netherlands,NLD,1974,1.71401
Netherlands,NLD,1975,1.82543
Netherlands,NLD,1976,1.84899
Netherlands,NLD,1977,1.85382
Netherlands,NLD,1978,1.87712
Netherlands,NLD,1979,1.8567
Netherlands,NLD,1980,1.80284
Netherlands,NLD,1981,1.72821
Netherlands,NLD,1982,1.68345
Netherlands,NLD,1983,1.65457
Netherlands,NLD,1984,1.54171
Netherlands,NLD,1985,1.58715
Netherlands,NLD,1986,1.5439
Netherlands,NLD,1987,1.88606
Netherlands,NLD,1988,1.65241
Netherlands,NLD,1990,1.73879
Netherlands,NLD,1991,1.68233
Netherlands,NLD,1993,1.48376
Netherlands,NLD,1994,1.44283
Netherlands,NLD,1995,1.37905
Netherlands,NLD,1996,1.31799
Netherlands,NLD,1998,1.31187
Netherlands,NLD,2015,1.61118
Netherlands,NLD,2016,1.74939
Netherlands,NLD,2017,1.58791
Netherlands,NLD,2018,1.70662
Netherlands,NLD,2019,1.61429
Netherlands,NLD,2020,1.6803
New Zealand,NZL,1973,1.28305
New Zealand,NZL,1974,1.2436
New Zealand,NZL,1975,1.29305
New Zealand,NZL,1976,1.57268
New Zealand,NZL,1977,1.10751
New Zealand,NZL,1978,1.09135
New Zealand,NZL,1979,1.09588
New Zealand,NZL,1980,1.29772
New Zealand,NZL,1981,1.26877
New Zealand,NZL,1982,1.27008
New Zealand,NZL,1984,1.1011
New Zealand,NZL,1985,0.98226
New Zealand,NZL,1986,1.00598
New Zealand,NZL,1987,1.13755
New Zealand,NZL,1988,1.36967
New Zealand,NZL,1989,1.58076
New Zealand,NZL,1994,1.58609
New Zealand,NZL,1995,1.60958
New Zealand,NZL,1996,1.73984
New Zealand,NZL,1997,1.67817
New Zealand,NZL,2013,1.71744
New Zealand,NZL,2015,1.64742
New Zealand,NZL,2016,1.56044
New Zealand,NZL,2017,1.4882
New Zealand,NZL,2018,1.46783
New Zealand,NZL,2019,1.45136
New Zealand,NZL,2020,1.54737
New Zealand,NZL,2021,1.4029
Nicaragua,NIC,1970,0.2234
Nicaragua,NIC,1971,0.22688
Nicaragua,NIC,1979,0.47761
Nicaragua,NIC,1980,0.51514
Nicaragua,NIC,1982,0.9371
Nicaragua,NIC,1984,1.21808
Nicaragua,NIC,1987,0.87505
Nicaragua,NIC,2010,1.16807
Niger,NER,1971,0.02618
Niger,NER,1990,0
Niger,NER,1991,0
Niger,NER,1992,0
Niger,NER,1993,0
Niger,NER,1994,0
Niger,NER,1995,0
Niger,NER,1996,0
Niger,NER,2006,0.22938
Niger,NER,2007,0.31553
Niger,NER,2008,0.25628
Niger,NER,2009,0.33017
Niger,NER,2010,0.34213
Niger,NER,2011,0.44225
Niger,NER,2012,0.56134
Niger,NER,2013,0.60012
Niger,NER,2014,0.71035
Niger,NER,2015,0.60585
Niger,NER,2016,0.63555
Niger,NER,2017,0.59961
Niger,NER,2018,0.66059
Nigeria,NGA,1974,1.05558
Nigeria,NGA,1975,1.31926
Niue,NIU,2016,0
Niue,NIU,2017,0
North Macedonia,MKD,1992,0.8424
North Macedonia,MKD,1993,0.92242
North Macedonia,MKD,1994,0.99282
North Macedonia,MKD,1995,0.95425
North Macedonia,MKD,1996,0.95283
North Macedonia,MKD,2002,0.49537
Norway,NOR,1972,0.75812
Norway,NOR,1973,0.7381
Norway,NOR,1974,0.73548
Norway,NOR,1975,0.79547
Norway,NOR,1976,0.84184
Norway,NOR,1977,0.91054
Norway,NOR,1978,0.77413
Norway,NOR,1980,0.79836
Norway,NOR,1981,0.76874
Norway,NOR,1982,0.78204
Norway,NOR,1983,0.7777
Norway,NOR,1984,0.76152
Norway,NOR,1985,0.74022
Norway,NOR,1986,0.83638
Norway,NOR,1987,0.86805
Norway,NOR,1988,0.93
Norway,NOR,1989,0.99586
Norway,NOR,1990,1.05646
Norway,NOR,1991,1.58502
Norway,NOR,1992,1.73879
Norway,NOR,1993,2.01145
Norway,NOR,1994,2.0388
Norway,NOR,1995,2.11299
Norway,NOR,1996,1.92458
Norway,NOR,1997,1.93562
Norway,NOR,1998,1.91848
Norway,NOR,1999,1.88699
Norway,NOR,2000,1.64074
Norway,NOR,2001,1.80251
Norway,NOR,2002,2.04137
Norway,NOR,2003,2.2487
Norway,NOR,2004,2.33563
Norway,NOR,2005,2.21388
Norway,NOR,2006,2.00573
Norway,NOR,2007,2.0787
Norway,NOR,2008,1.99891
Norway,NOR,2009,2.15173
Norway,NOR,2010,1.98802
Norway,NOR,2011,1.91752
Norway,NOR,2013,1.97998
Norway,NOR,2014,2.18413
Norway,NOR,2015,1.94892
Norway,NOR,2016,2.13382
Norway,NOR,2017,2.09347
Norway,NOR,2018,2.0631
Norway,NOR,2019,2.13483
Norway,NOR,2020,2.31173
Oman,OMN,1974,0.05594
Oman,OMN,1976,0.11467
Oman,OMN,1986,0.49995
Oman,OMN,1987,0.40874
Oman,OMN,1988,0.41306
Oman,OMN,1989,0.28383
Oman,OMN,1990,0.1976
Oman,OMN,1991,0.18756
Oman,OMN,1992,0.16427
Oman,OMN,1993,0.18442
Oman,OMN,1994,0.09552
Oman,OMN,1995,0.09233
Oman,OMN,1996,0.17874
Oman,OMN,1997,0.23647
Oman,OMN,1998,0.39819
Oman,OMN,1999,0.3948
Oman,OMN,2001,0.38062
Oman,OMN,2002,0.43202
Oman,OMN,2004,0.37491
Oman,OMN,2005,0.26864
Oman,OMN,2009,1.1258
Oman,OMN,2016,1.12392
Oman,OMN,2018,0.88959
Oman,OMN,2020,2.13728
Oman,OMN,2022,1.25862
Pakistan,PAK,1971,0.30228
Pakistan,PAK,1972,0.25823
Pakistan,PAK,1973,0.33285
Pakistan,PAK,1974,0.45636
Pakistan,PAK,1975,0.3536
Pakistan,PAK,1976,0.42192
Pakistan,PAK,1977,0.39569
Pakistan,PAK,1978,0.38275
Pakistan,PAK,1979,0.42356
Pakistan,PAK,1980,0.44512
Pakistan,PAK,1981,0.34682
Pakistan,PAK,1982,0.39696
Pakistan,PAK,1983,0.40334
Pakistan,PAK,1984,0.42362
Pakistan,PAK,1985,0.46927
Pakistan,PAK,1986,0.48691
Pakistan,PAK,1987,0.59821
Pakistan,PAK,1989,0.37193
Pakistan,PAK,1990,0.41429
Pakistan,PAK,1991,0.45272
Pakistan,PAK,1992,0.37478
Pakistan,PAK,1993,0.38047
Pakistan,PAK,1994,0.37633
Pakistan,PAK,1995,0.38745
Pakistan,PAK,1996,0.37751
Pakistan,PAK,1997,0.35912
Pakistan,PAK,2013,0.80372
Pakistan,PAK,2014,0.55049
Pakistan,PAK,2015,0.6039
Pakistan,PAK,2016,0.099
Pakistan,PAK,2017,0.09
Pakistan,PAK,2018,0.1
Pakistan,PAK,2019,0.138
Pakistan,PAK,2020,0.098
Pakistan,PAK,2021,0.075
Palau,PLW,2001,1.59202
Palestine,PSE,2021,0.31966
Panama,PAN,1970,0.42146
Panama,PAN,1971,0.39221
Panama,PAN,1972,0.4608
Panama,PAN,1973,0.51249
Panama,PAN,1974,0.58849
Panama,PAN,1975,0.5812
Panama,PAN,1976,0.57301
Panama,PAN,1977,0.58964
Panama,PAN,1978,0.5258
Panama,PAN,1979,0.52792
Panama,PAN,1980,0.51553
Panama,PAN,1981,0.61075
Panama,PAN,1982,0.70772
Panama,PAN,1983,0.72468
Panama,PAN,1984,0.73536
Panama,PAN,1985,0.73891
Panama,PAN,1986,0.74833
Panama,PAN,1987,0.97641
Panama,PAN,1994,0.90829
Panama,PAN,1995,0.91443
Panama,PAN,1996,1.00279
Panama,PAN,1997,1.03025
Panama,PAN,1999,1.19302
Panama,PAN,2000,1.20645
Panama,PAN,2001,1.08619
Panama,PAN,2002,1.17911
Panama,PAN,2004,1.0147
Panama,PAN,2011,0.70259
Panama,PAN,2012,0.69678
Papua New Guinea,PNG,1972,0.85054
Papua New Guinea,PNG,1977,2.9874
Paraguay,PRY,1970,0.44774
Paraguay,PRY,1971,0.34671
Paraguay,PRY,1985,0.32905
Paraguay,PRY,1990,0.26818
Paraguay,PRY,2000,0.73095
Paraguay,PRY,2001,0.65466
Paraguay,PRY,2002,0.56102
Paraguay,PRY,2003,0.57892
Paraguay,PRY,2004,0.45683
Paraguay,PRY,2007,0.5245
Paraguay,PRY,2010,0.51364
Paraguay,PRY,2011,1.2365
Paraguay,PRY,2012,0.82172
Paraguay,PRY,2016,0.80124
Paraguay,PRY,2020,0.76522
Paraguay,PRY,2021,0.66037
Paraguay,PRY,2022,0.67309
Peru,PER,1973,0.57556
Peru,PER,1996,0.5851
Peru,PER,1998,0.66693
Peru,PER,2002,0.34907
Peru,PER,2003,0.38914
Peru,PER,2004,0.41066
Peru,PER,2005,0.30519
Peru,PER,2006,0.38268
Peru,PER,2007,0.35843
Peru,PER,2008,0.45046
Peru,PER,2009,0.45158
Peru,PER,2010,0.39631
Peru,PER,2011,0.46438
Peru,PER,2012,0.52781
Peru,PER,2013,0.55476
Peru,PER,2014,0.52558
Peru,PER,2015,0.63837
Peru,PER,2016,0.64744
Peru,PER,2017,0.65531
Peru,PER,2018,0.5857
Peru,PER,2019,0.69192
Peru,PER,2020,0.72613
Peru,PER,2021,0.65311
Peru,PER,2022,0.67169
Philippines,PHL,1980,0.35946
Philippines,PHL,1982,0.44893
Philippines,PHL,1983,0.3376
Philippines,PHL,1986,0.36971
Philippines,PHL,1995,0.43371
Philippines,PHL,1996,0.52489
Philippines,PHL,1997,0.45814
Philippines,PHL,2000,0.4372
Philippines,PHL,2001,0.4017
Philippines,PHL,2002,0.40623
Philippines,PHL,2003,0.38713
Philippines,PHL,2004,0.33218
Philippines,PHL,2005,0.30917
Philippines,PHL,2007,0.26361
Philippines,PHL,2008,0.26915
Philippines,PHL,2009,0.30345
Philippines,PHL,2014,0.254
Philippines,PHL,2015,0.267
Philippines,PHL,2016,0.392
Philippines,PHL,2017,0.489
Philippines,PHL,2018,0.634
Philippines,PHL,2019,0.619
Philippines,PHL,2020,0.698
Philippines,PHL,2021,0.731
Philippines,PHL,2022,0.641
Poland,POL,1991,0.73537
Poland,POL,1992,0.78645
Poland,POL,1993,0.72977
Poland,POL,1995,0.63119
Poland,POL,1996,0.69723
Poland,POL,1998,1.1071
Poland,POL,1999,0.75381
Poland,POL,2000,0.72084
Poland,POL,2001,0.83477
Poland,POL,2002,1.04806
Poland,POL,2003,1.01923
Poland,POL,2004,1.13703
Poland,POL,2005,1.18069
Poland,POL,2006,0.95328
Poland,POL,2007,0.92549
Poland,POL,2008,1.03591
Poland,POL,2009,1.0489
Poland,POL,2010,1.1631
Poland,POL,2011,1.10944
Poland,POL,2012,1.137
Poland,POL,2013,1.22797
Poland,POL,2014,1.19694
Poland,POL,2015,1.21789
Poland,POL,2016,1.06427
Poland,POL,2017,1.0797
Poland,POL,2018,1.05726
Poland,POL,2019,1.10291
Poland,POL,2020,1.14424
Portugal,PRT,1973,0.18944
Portugal,PRT,1974,0.19306
Portugal,PRT,1975,0.34572
Portugal,PRT,1976,0.32001
Portugal,PRT,1978,0.37433
Portugal,PRT,1979,0.32612
Portugal,PRT,1980,0.35851
Portugal,PRT,1981,0.37846
Portugal,PRT,1982,0.42043
Portugal,PRT,1983,0.42675
Portugal,PRT,1984,0.44729
Portugal,PRT,1985,0.47869
Portugal,PRT,1986,0.50335
Portugal,PRT,1987,0.55028
Portugal,PRT,1988,0.59789
Portugal,PRT,1989,0.63813
Portugal,PRT,1990,0.66798
Portugal,PRT,1991,0.66831
Portugal,PRT,1992,0.79093
Portugal,PRT,1993,0.7937
Portugal,PRT,1994,0.77843
Portugal,PRT,1995,0.85013
Portugal,PRT,1996,0.91849
Portugal,PRT,1999,0.94189
Portugal,PRT,2000,0.93614
Portugal,PRT,2001,0.98175
Portugal,PRT,2002,0.906
Portugal,PRT,2003,0.95266
Portugal,PRT,2004,0.83156
Portugal,PRT,2005,0.91948
Portugal,PRT,2006,0.93461
Portugal,PRT,2007,1.11611
Portugal,PRT,2008,0.90817
Portugal,PRT,2009,1.0309
Portugal,PRT,2010,1.09084
Portugal,PRT,2011,1.00921
Portugal,PRT,2013,0.89528
Portugal,PRT,2014,0.91345
Portugal,PRT,2015,0.89426
Portugal,PRT,2017,0.80092
Portugal,PRT,2018,0.77877
Portugal,PRT,2019,0.78684
Portugal,PRT,2020,0.87246
Puerto Rico,PRI,1971,1.69567
Puerto Rico,PRI,1972,1.55114
Puerto Rico,PRI,1973,1.43889
Puerto Rico,PRI,1974,2.73072
Puerto Rico,PRI,1975,2.07814
Puerto Rico,PRI,1976,2.22108
Puerto Rico,PRI,1977,1.91038
Puerto Rico,PRI,1978,1.89815
Puerto Rico,PRI,2013,2.50058
Puerto Rico,PRI,2014,2.23344
Qatar,QAT,1971,0.2059
Qatar,QAT,1972,0.19133
Qatar,QAT,1973,0.07426
Qatar,QAT,1976,0.11787
Qatar,QAT,1977,0.1896
Qatar,QAT,1978,0.21134
Romania,ROU,1996,0.54533
Romania,ROU,2001,0.78103
Romania,ROU,2002,0.69707
Romania,ROU,2003,0.69869
Romania,ROU,2004,0.70482
Romania,ROU,2005,0.81223
Romania,ROU,2006,0.90223
Romania,ROU,2007,1.09277
Romania,ROU,2008,1.12514
Romania,ROU,2009,1.13192
Romania,ROU,2010,0.97304
Romania,ROU,2011,0.80659
Romania,ROU,2012,0.73864
Romania,ROU,2013,0.7222
Romania,ROU,2014,0.67652
Romania,ROU,2015,0.65757
Romania,ROU,2016,0.71944
Romania,ROU,2017,0.7211
Romania,ROU,2018,0.74653
Romania,ROU,2019,0.81017
Romania,ROU,2020,0.80675
Russia,RUS,2000,0.47372
Russia,RUS,2001,0.5379
Russia,RUS,2002,0.65275
Russia,RUS,2003,0.67926
Russia,RUS,2004,0.64941
Russia,RUS,2005,0.79423
Russia,RUS,2006,0.84658
Russia,RUS,2008,0.94806
Russia,RUS,2012,0.80231
Russia,RUS,2013,0.82412
Russia,RUS,2015,0.81061
Russia,RUS,2016,0.81258
Russia,RUS,2017,0.77745
Russia,RUS,2018,0.72092
Rwanda,RWA,1977,0.31795
Rwanda,RWA,1978,0.27834
Rwanda,RWA,1979,0.3603
Rwanda,RWA,1980,0.36095
Rwanda,RWA,1981,0.46111
Rwanda,RWA,1987,0.57399
Rwanda,RWA,1988,0.52531
Rwanda,RWA,1989,0.61787
Rwanda,RWA,2000,1.19004
Rwanda,RWA,2005,0.86364
Rwanda,RWA,2007,1.0127
Rwanda,RWA,2008,0.8899
Rwanda,RWA,2010,1.05361
Rwanda,RWA,2011,0.80809
Rwanda,RWA,2012,0.58663
Rwanda,RWA,2013,0.66495
Rwanda,RWA,2014,0.942
Rwanda,RWA,2015,0.76071
Rwanda,RWA,2016,0.735
Rwanda,RWA,2017,0.573
Rwanda,RWA,2018,0.6093
Rwanda,RWA,2019,0.679
Rwanda,RWA,2020,0.606
Rwanda,RWA,2021,0.63986
Rwanda,RWA,2022,0.48058
Rwanda,RWA,2023,0.562
Saint Kitts and Nevis,KNA,1985,0.08475
Saint Kitts and Nevis,KNA,1987,0
Saint Kitts and Nevis,KNA,1989,0
Saint Kitts and Nevis,KNA,1991,0
Saint Kitts and Nevis,KNA,1992,0.26722
Saint Kitts and Nevis,KNA,1995,0.33164
Saint Kitts and Nevis,KNA,1998,0.54239
Saint Kitts and Nevis,KNA,2002,0
Saint Kitts and Nevis,KNA,2011,0.365
Saint Kitts and Nevis,KNA,2012,0.211
Saint Kitts and Nevis,KNA,2013,0.414
Saint Kitts and Nevis,KNA,2014,0.4
Saint Kitts and Nevis,KNA,2015,0.39155
Saint Kitts and Nevis,KNA,2016,0.415
Saint Kitts and Nevis,KNA,2017,0.506
Saint Kitts and Nevis,KNA,2018,0.506
Saint Kitts and Nevis,KNA,2019,0.43
Saint Kitts and Nevis,KNA,2020,0.535
Saint Kitts and Nevis,KNA,2021,0.41471
Saint Kitts and Nevis,KNA,2022,0.486
Saint Lucia,LCA,1982,0.0398
Saint Lucia,LCA,1986,0.20784
Saint Lucia,LCA,1994,0.61692
Saint Lucia,LCA,1999,0.60568
Saint Lucia,LCA,2009,0.1933
Saint Lucia,LCA,2010,0.16007
Saint Lucia,LCA,2011,0.18034
Saint Lucia,LCA,2015,0.332
Saint Lucia,LCA,2016,0.322
Saint Lucia,LCA,2017,0.312
Saint Lucia,LCA,2018,0
Saint Lucia,LCA,2019,0.329
Saint Lucia,LCA,2020,0
Saint Lucia,LCA,2022,0
Saint Vincent and the Grenadines,VCT,1986,0
Saint Vincent and the Grenadines,VCT,1989,0
Saint Vincent and the Grenadines,VCT,1991,0
Saint Vincent and the Grenadines,VCT,2005,0.22352
Saint Vincent and the Grenadines,VCT,2007,0.31167
Saint Vincent and the Grenadines,VCT,2009,0.29114
Saint Vincent and the Grenadines,VCT,2010,0.33708
Saint Vincent and the Grenadines,VCT,2021,0.875
Saint Vincent and the Grenadines,VCT,2022,0.81
Samoa,WSM,1999,1.61737
Samoa,WSM,2000,1.32154
Samoa,WSM,2001,1.32096
Samoa,WSM,2016,0.36554
San Marino,SMR,2010,0.25652
San Marino,SMR,2011,0.29087
San Marino,SMR,2017,0.23012
San Marino,SMR,2018,0.23394
San Marino,SMR,2019,0.22289
San Marino,SMR,2020,0.25688
San Marino,SMR,2021,0.24074
Sao Tome and Principe,STP,2012,1.02228
Sao Tome and Principe,STP,2013,0.49033
Sao Tome and Principe,STP,2014,0.35993
Sao Tome and Principe,STP,2015,0.288
Sao Tome and Principe,STP,2016,0.25
Sao Tome and Principe,STP,2017,0.19
Sao Tome and Principe,STP,2018,0.186
Sao Tome and Principe,STP,2019,0.17
Sao Tome and Principe,STP,2020,0.156
Sao Tome and Principe,STP,2021,0.146
Sao Tome and Principe,STP,2022,0.133
Saudi Arabia,SAU,1981,1.42251
Saudi Arabia,SAU,1982,1.49792
Saudi Arabia,SAU,1983,1.97528
Saudi Arabia,SAU,1984,2.08503
Saudi Arabia,SAU,1993,1.25557
Saudi Arabia,SAU,1994,1.38122
Saudi Arabia,SAU,1995,1.12696
Saudi Arabia,SAU,1996,0.96066
Saudi Arabia,SAU,1998,1.40296
Senegal,SEN,1998,0.57165
Senegal,SEN,2005,0.89327
Senegal,SEN,2006,0.89803
Senegal,SEN,2008,0.98816
Senegal,SEN,2009,1.28193
Senegal,SEN,2010,1.39961
Senegal,SEN,2011,1.37684
Senegal,SEN,2012,1.29432
Senegal,SEN,2013,1.90992
Senegal,SEN,2014,1.64969
Senegal,SEN,2015,1.752
Senegal,SEN,2016,1.43548
Senegal,SEN,2018,1.59548
Senegal,SEN,2021,1.566
Senegal,SEN,2022,1.495
Serbia,SRB,2007,1.08821
Serbia,SRB,2011,1.2372
Serbia,SRB,2016,1.05067
Serbia,SRB,2017,1.11046
Serbia,SRB,2018,0.9888
Serbia,SRB,2019,1.03979
Serbia,SRB,2021,0.90706
Seychelles,SYC,1970,0
Seychelles,SYC,1971,0
Seychelles,SYC,1972,0
Seychelles,SYC,1974,0
Seychelles,SYC,1975,0
Seychelles,SYC,1976,0
Seychelles,SYC,1984,0
Seychelles,SYC,1985,0
Seychelles,SYC,1986,0
Seychelles,SYC,1988,0
Seychelles,SYC,1989,0
Seychelles,SYC,1994,0.63228
Seychelles,SYC,1995,0.77672
Seychelles,SYC,1996,0.94743
Seychelles,SYC,1998,0.45507
Seychelles,SYC,2002,0.85131
Seychelles,SYC,2006,0.80231
Seychelles,SYC,2015,1.00052
Seychelles,SYC,2016,0.93537
Sierra Leone,SLE,2007,0.48598
Sierra Leone,SLE,2008,0.51364
Sierra Leone,SLE,2009,0.55683
Sierra Leone,SLE,2010,0.50836
Sierra Leone,SLE,2011,0.48021
Sierra Leone,SLE,2012,0.66911
Sierra Leone,SLE,2013,0.61697
Sierra Leone,SLE,2014,0.81833
Sierra Leone,SLE,2016,1.51813
Sierra Leone,SLE,2017,2.75085
Sierra Leone,SLE,2018,3.24006
Sierra Leone,SLE,2019,2.99375
Sierra Leone,SLE,2020,3.57593
Sierra Leone,SLE,2021,3.34779
Sierra Leone,SLE,2022,2.77972
Singapore,SGP,1971,0.49069
Singapore,SGP,1972,0.479
Singapore,SGP,1973,0.4247
Singapore,SGP,1974,0.4302
Singapore,SGP,1975,0.46275
Singapore,SGP,1976,0.58367
Singapore,SGP,1977,0.36558
Singapore,SGP,1978,0.34468
Singapore,SGP,1979,0.33779
Singapore,SGP,1980,0.40623
Singapore,SGP,1981,0.41143
Singapore,SGP,1982,0.79687
Singapore,SGP,1983,1.28231
Singapore,SGP,1988,1.24304
Singapore,SGP,2008,0.901
Singapore,SGP,2009,1.03599
Singapore,SGP,2010,1.08005
Singapore,SGP,2011,1.07988
Singapore,SGP,2012,1.16801
Singapore,SGP,2013,1.00713
Singapore,SGP,2016,0.9889
Singapore,SGP,2017,0.81671
Singapore,SGP,2018,0.86945
Singapore,SGP,2019,0.78779
Singapore,SGP,2020,0.75232
Singapore,SGP,2021,0.74754
Slovakia,SVK,1992,0.89994
Slovakia,SVK,1993,0.71775
Slovakia,SVK,1994,0.58437
Slovakia,SVK,1995,0.71971
Slovakia,SVK,1996,0.5869
Slovakia,SVK,1997,0.68485
Slovakia,SVK,1999,0.73578
Slovakia,SVK,2000,0.71005
Slovakia,SVK,2001,0.80797
Slovakia,SVK,2002,0.85588
Slovakia,SVK,2003,0.82749
Slovakia,SVK,2004,0.96027
Slovakia,SVK,2005,0.78964
Slovakia,SVK,2006,0.87782
Slovakia,SVK,2007,0.76841
Slovakia,SVK,2008,0.75818
Slovakia,SVK,2009,0.79254
Slovakia,SVK,2010,0.79383
Slovakia,SVK,2011,0.91108
Slovakia,SVK,2012,0.92537
Slovakia,SVK,2013,0.963
Slovakia,SVK,2014,0.96961
Slovakia,SVK,2015,1.36936
Slovakia,SVK,2016,0.83071
Slovakia,SVK,2017,0.78454
Slovakia,SVK,2018,0.75352
Slovakia,SVK,2019,0.78036
Slovakia,SVK,2020,0.90485
Slovenia,SVN,1995,0.83145
Slovenia,SVN,2001,1.25267
Slovenia,SVN,2002,1.25122
Slovenia,SVN,2003,1.27344
Slovenia,SVN,2004,1.2792
Slovenia,SVN,2005,1.2344
Slovenia,SVN,2006,1.21697
Slovenia,SVN,2007,1.1926
Slovenia,SVN,2008,1.19043
Slovenia,SVN,2009,1.34716
Slovenia,SVN,2010,1.3335
Slovenia,SVN,2011,1.34097
Slovenia,SVN,2012,1.19364
Slovenia,SVN,2013,1.11
Slovenia,SVN,2014,1.04583
Slovenia,SVN,2015,0.9755
Slovenia,SVN,2016,0.94608
Slovenia,SVN,2017,0.94547
Slovenia,SVN,2018,1.01221
Slovenia,SVN,2019,1.01955
Slovenia,SVN,2020,1.15676
Solomon Islands,SLB,1991,0.52969
Somalia,SOM,1972,0.03436
Somalia,SOM,1973,0.01884
South Africa,ZAF,1987,1.25583
South Africa,ZAF,1988,1.2287
South Africa,ZAF,1989,1.16926
South Africa,ZAF,1990,1.24561
South Africa,ZAF,1991,1.26117
South Africa,ZAF,1993,0.84009
South Africa,ZAF,1994,0.88047
South Africa,ZAF,1996,0.86145
South Africa,ZAF,1999,0.80648
South Africa,ZAF,2000,0.71413
South Africa,ZAF,2001,0.67275
South Africa,ZAF,2002,0.66587
South Africa,ZAF,2003,0.61411
South Africa,ZAF,2004,0.60074
South Africa,ZAF,2005,0.68116
South Africa,ZAF,2006,0.58157
South Africa,ZAF,2007,0.58231
South Africa,ZAF,2008,0.56908
South Africa,ZAF,2009,0.59675
South Africa,ZAF,2010,0.60989
South Africa,ZAF,2011,0.62786
South Africa,ZAF,2012,0.68983
South Africa,ZAF,2013,0.68082
South Africa,ZAF,2014,0.67419
South Africa,ZAF,2015,0.68796
South Africa,ZAF,2016,0.61952
South Africa,ZAF,2017,0.80405
South Africa,ZAF,2018,0.8608
South Africa,ZAF,2019,1.03335
South Africa,ZAF,2020,1.15818
South Africa,ZAF,2021,1.28136
South Africa,ZAF,2022,1.30651
South Korea,KOR,1970,0.28095
South Korea,KOR,1971,0.30957
South Korea,KOR,1972,0.26396
South Korea,KOR,1973,0.23473
South Korea,KOR,1975,0.22345
South Korea,KOR,1976,0.30444
South Korea,KOR,1977,0.19753
South Korea,KOR,1979,0.36298
South Korea,KOR,1980,0.39416
South Korea,KOR,1981,0.29594
South Korea,KOR,1982,1.8106
South Korea,KOR,1983,0.51056
South Korea,KOR,1984,0.5119
South Korea,KOR,1985,0.46014
South Korea,KOR,1986,0.38998
South Korea,KOR,1987,0.35761
South Korea,KOR,1988,0.26781
South Korea,KOR,1989,0.31107
South Korea,KOR,1990,0.29548
South Korea,KOR,1991,0.28889
South Korea,KOR,1992,0.29486
South Korea,KOR,1993,0.30831
South Korea,KOR,1994,0.23862
South Korea,KOR,1995,0.23531
South Korea,KOR,1998,0.3604
South Korea,KOR,1999,0.45615
South Korea,KOR,2015,0.89206
South Korea,KOR,2016,0.886
South Korea,KOR,2017,0.84679
South Korea,KOR,2018,0.87022
South Korea,KOR,2019,0.81748
South Korea,KOR,2020,0.9169
South Sudan,SSD,2011,0.24397
South Sudan,SSD,2013,0.23702
South Sudan,SSD,2014,0.30422
South Sudan,SSD,2015,0.40462
Spain,ESP,1970,0.35289
Spain,ESP,1971,0.37418
Spain,ESP,1972,0.33306
Spain,ESP,1974,0.22022
Spain,ESP,1976,0.30879
Spain,ESP,1977,0.33301
Spain,ESP,1978,0.33017
Spain,ESP,1979,0.31548
Spain,ESP,1987,0.45955
Spain,ESP,1988,0.50363
Spain,ESP,1989,0.56933
Spain,ESP,1990,0.66776
Spain,ESP,1991,0.71024
Spain,ESP,1992,0.74088
Spain,ESP,1993,0.75629
Spain,ESP,1994,0.78112
Spain,ESP,1995,0.80235
Spain,ESP,1996,0.88508
Spain,ESP,1998,0.84831
Spain,ESP,1999,0.85545
Spain,ESP,2000,0.90776
Spain,ESP,2001,0.93757
Spain,ESP,2002,0.94443
Spain,ESP,2003,0.96901
Spain,ESP,2004,0.95191
Spain,ESP,2005,0.9269
Spain,ESP,2006,0.93125
Spain,ESP,2007,0.97265
Spain,ESP,2008,1.04507
Spain,ESP,2009,1.12137
Spain,ESP,2010,1.13794
Spain,ESP,2011,1.11003
Spain,ESP,2012,1.01625
Spain,ESP,2013,0.97592
Spain,ESP,2014,0.96742
Spain,ESP,2015,0.95795
Spain,ESP,2016,0.92073
Spain,ESP,2017,0.93382
Spain,ESP,2018,0.9242
Spain,ESP,2019,0.93888
Spain,ESP,2020,1.078
Sri Lanka,LKA,1973,0.25261
Sri Lanka,LKA,1975,0.2139
Sri Lanka,LKA,1979,0.30351
Sri Lanka,LKA,1980,0.41938
Sri Lanka,LKA,1981,0.39762
Sri Lanka,LKA,1982,0.42524
Sri Lanka,LKA,1983,0.42187
Sri Lanka,LKA,1984,0.45009
Sri Lanka,LKA,1985,0.44588
Sri Lanka,LKA,1986,0.5895
Sri Lanka,LKA,1987,0.50884
Sri Lanka,LKA,1988,0.48653
Sri Lanka,LKA,1989,0.47203
Sri Lanka,LKA,1990,0.41332
Sri Lanka,LKA,1991,0.36203
Sri Lanka,LKA,1994,0.46574
Sri Lanka,LKA,1995,0.41796
Sri Lanka,LKA,1996,0.40838
Sri Lanka,LKA,2001,0.35996
Sri Lanka,LKA,2009,0.37407
Sri Lanka,LKA,2010,0.273
Sri Lanka,LKA,2011,0.30954
Sri Lanka,LKA,2012,0.27221
Sri Lanka,LKA,2013,0.33052
Sri Lanka,LKA,2014,0.3748
Sri Lanka,LKA,2015,0.40897
Sri Lanka,LKA,2016,0.39151
Sri Lanka,LKA,2017,0.33619
Sri Lanka,LKA,2018,0.41231
Sri Lanka,LKA,2020,0.425
Sri Lanka,LKA,2021,0.403
Sri Lanka,LKA,2022,0.306
Sweden,SWE,1979,0.83704
Sweden,SWE,1980,0.7177
Sweden,SWE,1981,0.67949
Sweden,SWE,1990,1.1301
Sweden,SWE,1991,1.08316
Sweden,SWE,1992,1.14291
Sweden,SWE,1993,1.39447
Sweden,SWE,1995,1.64162
Sweden,SWE,1996,1.86053
Sweden,SWE,1998,1.84574
Sweden,SWE,1999,1.84752
Sweden,SWE,2000,1.83219
Sweden,SWE,2001,1.85499
Sweden,SWE,2002,1.96102
Sweden,SWE,2003,1.96053
Sweden,SWE,2004,1.89644
Sweden,SWE,2005,1.78975
Sweden,SWE,2006,1.70572
Sweden,SWE,2007,1.6305
Sweden,SWE,2008,1.71344
Sweden,SWE,2009,1.89619
Sweden,SWE,2010,1.89301
Sweden,SWE,2011,1.85126
Sweden,SWE,2012,1.90543
Sweden,SWE,2013,1.93498
Sweden,SWE,2014,1.91397
Sweden,SWE,2015,1.85452
Sweden,SWE,2016,1.83507
Sweden,SWE,2017,1.79499
Sweden,SWE,2018,1.79017
Sweden,SWE,2019,1.78114
Sweden,SWE,2020,1.8848
Switzerland,CHE,1980,0.84102
Switzerland,CHE,1981,0.84387
Switzerland,CHE,1982,0.8385
Switzerland,CHE,1983,0.87305
Switzerland,CHE,1984,0.83196
Switzerland,CHE,1985,0.79878
Switzerland,CHE,1986,0.83529
Switzerland,CHE,1987,0.8447
Switzerland,CHE,1988,0.86303
Switzerland,CHE,1989,0.86153
Switzerland,CHE,1990,0.91902
Switzerland,CHE,1991,0.96161
Switzerland,CHE,1993,1.02248
Switzerland,CHE,1994,1.00657
Switzerland,CHE,1995,0.97836
Switzerland,CHE,1996,0.97196
Switzerland,CHE,1998,0.9667
Switzerland,CHE,1999,1.06179
Switzerland,CHE,2000,1.03854
Switzerland,CHE,2001,1.11446
Switzerland,CHE,2002,1.25458
Switzerland,CHE,2003,1.45825
Switzerland,CHE,2004,1.48492
Switzerland,CHE,2005,1.31997
Switzerland,CHE,2006,1.28743
Switzerland,CHE,2007,1.16667
Switzerland,CHE,2008,1.1417
Switzerland,CHE,2009,1.23845
Switzerland,CHE,2010,1.21527
Switzerland,CHE,2011,1.26254
Switzerland,CHE,2012,1.28873
Switzerland,CHE,2013,1.2848
Switzerland,CHE,2014,1.30058
Switzerland,CHE,2015,1.31197
Switzerland,CHE,2016,1.29539
Switzerland,CHE,2017,1.32858
Switzerland,CHE,2018,1.31103
Switzerland,CHE,2019,1.32684
Switzerland,CHE,2020,1.41093
Syria,SYR,1972,0.70756
Syria,SYR,1973,0.81634
Syria,SYR,1975,0.78111
Syria,SYR,1976,2.1861
Syria,SYR,1977,1.86026
Syria,SYR,1978,1.51646
Syria,SYR,1979,1.35847
Syria,SYR,1980,1.20361
Syria,SYR,1981,1.40233
Syria,SYR,1982,1.37416
Syria,SYR,1984,1.70748
Syria,SYR,1985,1.70115
Syria,SYR,1986,1.34038
Syria,SYR,1987,0.99701
Syria,SYR,1988,0.88846
Syria,SYR,1989,0.83871
Syria,SYR,1996,0.83237
Syria,SYR,2001,0.90276
Syria,SYR,2002,1.10619
Syria,SYR,2003,1.4456
Syria,SYR,2004,1.33329
Syria,SYR,2006,1.0477
Syria,SYR,2007,1.0379
Syria,SYR,2008,1.14625
Syria,SYR,2009,1.24266
Tajikistan,TJK,1993,0.78324
Tajikistan,TJK,1995,0.2192
Tajikistan,TJK,1996,0.1537
Tajikistan,TJK,2002,0.33461
Tajikistan,TJK,2003,0.1884
Tajikistan,TJK,2004,0.14835
Tajikistan,TJK,2005,0.25941
Tajikistan,TJK,2006,0.22222
Tajikistan,TJK,2007,0.2572
Tajikistan,TJK,2008,0.49295
Tajikistan,TJK,2009,0.491
Tajikistan,TJK,2010,0.40369
Tajikistan,TJK,2011,0.33046
Tajikistan,TJK,2012,0.44926
Tajikistan,TJK,2013,0.46177
Tajikistan,TJK,2015,0.49407
Tanzania,TZA,1989,0.29619
Tanzania,TZA,1990,0.3757
Tanzania,TZA,2004,0.66553
Tanzania,TZA,2005,0.76882
Tanzania,TZA,2006,0.72954
Tanzania,TZA,2007,1.04154
Tanzania,TZA,2008,1.24951
Tanzania,TZA,2009,1.33777
Tanzania,TZA,2010,1.28515
Tanzania,TZA,2014,0.72434
Thailand,THA,1971,0.48207
Thailand,THA,1972,0.47317
Thailand,THA,1973,0.33573
Thailand,THA,1974,0.27302
Thailand,THA,1975,0.28893
Thailand,THA,1976,0.39888
Thailand,THA,1977,0.41059
Thailand,THA,1979,0.3473
Thailand,THA,1980,0.35472
Thailand,THA,1981,0.63379
Thailand,THA,1982,0.48104
Thailand,THA,1983,0.5723
Thailand,THA,1984,0.58585
Thailand,THA,1986,0.42172
Thailand,THA,1987,0.40695
Thailand,THA,1988,0.35126
Thailand,THA,1989,0.33452
Thailand,THA,1991,0.56586
Thailand,THA,1992,0.61475
Thailand,THA,1994,0.68318
Thailand,THA,1995,0.67685
Thailand,THA,1996,0.92254
Thailand,THA,1997,0.97595
Thailand,THA,1998,1.1155
Thailand,THA,2000,1.06664
Thailand,THA,2001,1.04489
Thailand,THA,2004,0.83088
Thailand,THA,2005,0.8541
Thailand,THA,2006,0.96158
Thailand,THA,2008,0.74296
Thailand,THA,2009,0.74605
Thailand,THA,2010,0.57923
Thailand,THA,2011,0.71683
Thailand,THA,2012,0.589
Thailand,THA,2013,0.639
Thailand,THA,2014,0.663
Thailand,THA,2015,0.711
Thailand,THA,2016,0.729
Thailand,THA,2017,0.729
Thailand,THA,2018,0.662
Thailand,THA,2019,0.603
Thailand,THA,2020,0.643
Thailand,THA,2021,0.633
Thailand,THA,2022,0.598
Togo,TGO,1970,0.10168
Togo,TGO,1979,1.21787
Togo,TGO,1981,1.20639
Togo,TGO,1984,1.01948
Togo,TGO,1987,0.92112
Togo,TGO,1992,1.37318
Togo,TGO,1996,0.75506
Togo,TGO,1998,0.63869
Togo,TGO,1999,0.67735
Togo,TGO,2000,0.50172
Togo,TGO,2007,0.55375
Togo,TGO,2008,0.486
Togo,TGO,2009,0.41118
Togo,TGO,2010,0.50435
Togo,TGO,2011,0.50809
Togo,TGO,2012,0.63725
Togo,TGO,2013,0.72297
Togo,TGO,2014,0.76364
Togo,TGO,2015,0.65135
Togo,TGO,2016,0.66109
Togo,TGO,2017,0.66717
Tonga,TON,1984,0.52547
Tonga,TON,1998,0
Tonga,TON,2004,0.84995
Tonga,TON,2020,0.634
Tonga,TON,2021,0.703
Tonga,TON,2022,0.903
Trinidad and Tobago,TTO,1980,0.65655
Trinidad and Tobago,TTO,1982,0.6547
Trinidad and Tobago,TTO,1983,1.20817
Trinidad and Tobago,TTO,1984,1.26358
Trinidad and Tobago,TTO,1985,1.02977
Trinidad and Tobago,TTO,1989,0.52112
Trinidad and Tobago,TTO,1990,0.42049
Trinidad and Tobago,TTO,2010,1.425
Trinidad and Tobago,TTO,2011,1.372
Trinidad and Tobago,TTO,2012,1.302
Trinidad and Tobago,TTO,2013,1.2
Trinidad and Tobago,TTO,2014,1.215
Trinidad and Tobago,TTO,2015,1.344
Trinidad and Tobago,TTO,2016,1.423
Trinidad and Tobago,TTO,2017,1.131
Trinidad and Tobago,TTO,2018,1.013
Trinidad and Tobago,TTO,2019,1.027
Trinidad and Tobago,TTO,2020,1.34313
Trinidad and Tobago,TTO,2021,0.73861
Trinidad and Tobago,TTO,2022,0.739
Tunisia,TUN,1980,1.31414
Tunisia,TUN,1981,1.12982
Tunisia,TUN,1982,1.09793
Tunisia,TUN,1983,1.13183
Tunisia,TUN,1984,1.11339
Tunisia,TUN,1985,1.09044
Tunisia,TUN,1986,1.0688
Tunisia,TUN,1990,1.19686
Tunisia,TUN,1991,1.34291
Tunisia,TUN,1992,1.22149
Tunisia,TUN,1993,1.29987
Tunisia,TUN,1994,1.30265
Tunisia,TUN,1995,1.39343
Tunisia,TUN,1996,1.35015
Tunisia,TUN,1997,1.22141
Tunisia,TUN,1999,1.35032
Tunisia,TUN,2000,1.34303
Tunisia,TUN,2001,1.3676
Tunisia,TUN,2002,1.3191
Tunisia,TUN,2003,1.66423
Tunisia,TUN,2004,1.78988
Tunisia,TUN,2005,1.55737
Tunisia,TUN,2006,1.5617
Tunisia,TUN,2007,1.58971
Tunisia,TUN,2008,1.56785
Tunisia,TUN,2009,1.76429
Tunisia,TUN,2010,1.67999
Tunisia,TUN,2012,1.67381
Tunisia,TUN,2013,1.69295
Tunisia,TUN,2014,1.56683
Tunisia,TUN,2015,1.48906
Turkey,TUR,1978,0.83048
Turkey,TUR,1979,0.37753
Turkey,TUR,1981,0.69126
Turkey,TUR,1982,0.4916
Turkey,TUR,1983,0.69381
Turkey,TUR,1984,0.53728
Turkey,TUR,1985,0.46332
Turkey,TUR,1986,0.34724
Turkey,TUR,1993,0.84748
Turkey,TUR,1994,1.24176
Turkey,TUR,1995,0.78116
Turkey,TUR,2011,1.5365
Turkey,TUR,2012,1.57518
Turkey,TUR,2013,1.52719
Turkey,TUR,2014,1.5647
Turkey,TUR,2015,1.51221
Turkey,TUR,2016,1.65937
Turkey,TUR,2017,1.57342
Turkey,TUR,2018,1.49169
Turkey,TUR,2019,1.33843
Turkey,TUR,2020,1.25782
Turkmenistan,TKM,2012,0.28139
Turkmenistan,TKM,2019,0.36958
Turkmenistan,TKM,2020,0.42164
Turks and Caicos Islands,TCA,2000,0
Turks and Caicos Islands,TCA,2001,0.74168
Turks and Caicos Islands,TCA,2002,1.16189
Turks and Caicos Islands,TCA,2003,1.76071
Turks and Caicos Islands,TCA,2005,0
Turks and Caicos Islands,TCA,2015,0.69364
Turks and Caicos Islands,TCA,2018,0.67054
Turks and Caicos Islands,TCA,2019,0
Turks and Caicos Islands,TCA,2021,0.78905
Turks and Caicos Islands,TCA,2022,0.43368
Tuvalu,TUV,1990,0
Uganda,UGA,1971,0.73247
Uganda,UGA,1973,0.83944
Uganda,UGA,1974,0.96002
Uganda,UGA,1975,0.72612
Uganda,UGA,1976,0.57638
Uganda,UGA,1982,0.44642
Uganda,UGA,1983,0.29369
Uganda,UGA,1984,0.5282
Uganda,UGA,1985,0.48732
Uganda,UGA,1988,0.68821
Uganda,UGA,2004,0.58763
Uganda,UGA,2009,0.34662
Uganda,UGA,2010,0.22975
Uganda,UGA,2011,0.24287
Uganda,UGA,2012,0.2463
Uganda,UGA,2013,0.30229
Uganda,UGA,2014,0.312
Ukraine,UKR,1997,0.64232
Ukraine,UKR,2000,1.29764
Ukraine,UKR,2001,1.44269
Ukraine,UKR,2002,1.77972
Ukraine,UKR,2003,1.66858
Ukraine,UKR,2004,1.62601
Ukraine,UKR,2005,1.72403
Ukraine,UKR,2006,1.8232
Ukraine,UKR,2007,1.77511
Ukraine,UKR,2008,1.93995
Ukraine,UKR,2009,2.28417
Ukraine,UKR,2011,2.04277
Ukraine,UKR,2012,2.08826
Ukraine,UKR,2013,2.04598
Ukraine,UKR,2014,1.85167
Ukraine,UKR,2016,1.52591
Ukraine,UKR,2017,1.35375
Ukraine,UKR,2018,1.28988
Ukraine,UKR,2019,1.34505
Ukraine,UKR,2020,1.31053
United Arab Emirates,ARE,1997,0
United Arab Emirates,ARE,2019,0.71069
United Arab Emirates,ARE,2020,0.64493
United Arab Emirates,ARE,2021,0.55715
United Kingdom,GBR,1971,1.19557
United Kingdom,GBR,1972,1.29313
United Kingdom,GBR,1973,1.33277
United Kingdom,GBR,1974,1.252
United Kingdom,GBR,1975,1.36421
United Kingdom,GBR,1976,1.33243
United Kingdom,GBR,1977,1.30475
United Kingdom,GBR,1980,1.13704
United Kingdom,GBR,1981,1.21762
United Kingdom,GBR,1982,1.18364
United Kingdom,GBR,1983,1.14886
United Kingdom,GBR,1984,1.07368
United Kingdom,GBR,1985,1.03763
United Kingdom,GBR,1986,0.9238
United Kingdom,GBR,1987,0.90858
United Kingdom,GBR,1988,0.86081
United Kingdom,GBR,1989,0.82827
United Kingdom,GBR,1990,0.82911
United Kingdom,GBR,1991,0.85256
United Kingdom,GBR,1992,0.94465
United Kingdom,GBR,1994,1.11666
United Kingdom,GBR,1995,1.14332
United Kingdom,GBR,1996,1.03766
United Kingdom,GBR,1998,0.92269
United Kingdom,GBR,1999,0.80154
United Kingdom,GBR,2000,0.70421
United Kingdom,GBR,2001,0.70652
United Kingdom,GBR,2002,0.95248
United Kingdom,GBR,2003,0.94871
United Kingdom,GBR,2004,0.91267
United Kingdom,GBR,2005,1.0983
United Kingdom,GBR,2006,0.99971
United Kingdom,GBR,2007,0.8557
United Kingdom,GBR,2008,0.77071
United Kingdom,GBR,2009,0.72697
United Kingdom,GBR,2010,0.93243
United Kingdom,GBR,2011,1.22836
United Kingdom,GBR,2013,1.32415
United Kingdom,GBR,2014,1.36188
United Kingdom,GBR,2015,1.26737
United Kingdom,GBR,2016,1.38713
United Kingdom,GBR,2017,1.44669
United Kingdom,GBR,2018,1.44041
United Kingdom,GBR,2019,1.43871
United Kingdom,GBR,2020,1.51377
United States,USA,2015,1.36373
United States,USA,2016,1.2117
United States,USA,2017,1.46188
United States,USA,2018,1.27915
United States,USA,2019,1.35652
United States,USA,2020,1.80505
Uruguay,URY,1979,0.4138
Uruguay,URY,1980,0.38415
Uruguay,URY,1984,0.51097
Uruguay,URY,1985,0.59562
Uruguay,URY,1986,0.79615
Uruguay,URY,1991,0.64261
Uruguay,URY,1992,0.62275
Uruguay,URY,1994,0.60583
Uruguay,URY,1995,0.65476
Uruguay,URY,1996,0.55891
Uruguay,URY,1999,0.51102
Uruguay,URY,2000,0.49609
Uruguay,URY,2001,0.59006
Uruguay,URY,2002,0.49866
Uruguay,URY,2003,0.53648
Uruguay,URY,2004,0.60734
Uruguay,URY,2005,0.59271
Uruguay,URY,2006,0.62853
Uruguay,URY,2011,1.11341
Uruguay,URY,2013,1.12271
Uruguay,URY,2014,1.1432
Uruguay,URY,2015,1.13845
Uruguay,URY,2016,1.09554
Uruguay,URY,2017,1.08442
Uruguay,URY,2018,1.12934
Uruguay,URY,2019,1.07214
Uruguay,URY,2020,1.20462
Uruguay,URY,2021,1.10191
Uzbekistan,UZB,2016,0.25
Uzbekistan,UZB,2017,0.233
Uzbekistan,UZB,2018,0.206
Uzbekistan,UZB,2019,0.243
Uzbekistan,UZB,2020,0.276
Uzbekistan,UZB,2021,0.428
Uzbekistan,UZB,2022,0.667
Vanuatu,VUT,1994,0.26295
Vanuatu,VUT,1998,0.50072
Vanuatu,VUT,1999,0.41789
Vanuatu,VUT,2000,0.51726
Vanuatu,VUT,2001,0.9367
Vanuatu,VUT,2008,0.34856
Vanuatu,VUT,2019,0.16051
Vanuatu,VUT,2020,0.28934
Vatican,VAT,2001,0
Venezuela,VEN,1970,1.19712
Venezuela,VEN,1971,1.08516
Venezuela,VEN,1972,1.31688
Venezuela,VEN,1974,1.41083
Venezuela,VEN,1975,1.94901
Venezuela,VEN,1977,1.94879
Venezuela,VEN,1980,1.78994
Venezuela,VEN,1981,2.11626
Venezuela,VEN,1982,2.25643
Venezuela,VEN,1983,2.64252
Venezuela,VEN,1984,1.84902
Venezuela,VEN,1987,1.57534
Venezuela,VEN,1988,1.36359
Venezuela,VEN,1990,1.02371
Venezuela,VEN,1992,1.30602
Venezuela,VEN,1993,1.33955
Venezuela,VEN,1994,1.73864
Venezuela,VEN,2006,1.73644
Venezuela,VEN,2007,1.57743
Venezuela,VEN,2009,1.55362
Vietnam,VNM,2008,1.08314
Vietnam,VNM,2009,0.65698
Vietnam,VNM,2010,0.58587
Vietnam,VNM,2011,0.59482
Vietnam,VNM,2012,0.65352
Vietnam,VNM,2013,0.67966
Zambia,ZMB,1970,0.62229
Zambia,ZMB,1971,1.11584
Zambia,ZMB,1972,0.87798
Zambia,ZMB,1973,0.8473
Zambia,ZMB,1974,0.69414
Zambia,ZMB,1975,1.00242
Zambia,ZMB,1976,1.03864
Zambia,ZMB,1977,1.00121
Zambia,ZMB,1978,0.85307
Zambia,ZMB,1979,0.90163
Zambia,ZMB,1980,0.77138
Zambia,ZMB,1981,0.74872
Zambia,ZMB,1982,0.93074
Zambia,ZMB,1983,0.70348
Zambia,ZMB,1984,0.56581
Zambia,ZMB,1985,0.71862
Zambia,ZMB,1986,0.6395
Zambia,ZMB,1987,0.40071
Zambia,ZMB,1991,0.5713
Zambia,ZMB,1992,0.51671
Zambia,ZMB,1993,0.559
Zambia,ZMB,1994,0.37312
Zambia,ZMB,1995,0.40566
Zambia,ZMB,2000,0.34709
Zambia,ZMB,2004,0.44464
Zambia,ZMB,2005,0.44695
Zambia,ZMB,2015,0.54731
Zambia,ZMB,2016,0.46231
Zambia,ZMB,2017,0.33254
Zimbabwe,ZWE,1979,0.27404
Zimbabwe,ZWE,1980,0.26092
Zimbabwe,ZWE,1981,0.29333
Zimbabwe,ZWE,1983,0.25893
Zimbabwe,ZWE,1984,0.4607
Zimbabwe,ZWE,1985,0.25146
Zimbabwe,ZWE,1987,1.04299
Zimbabwe,ZWE,1988,1.19222
Zimbabwe,ZWE,1989,1.27302
Zimbabwe,ZWE,1990,0
Zimbabwe,ZWE,1992,2.9856
Zimbabwe,ZWE,1994,7.6937
Zimbabwe,ZWE,2009,0.22546
Zimbabwe,ZWE,2010,0.35228
Zimbabwe,ZWE,2012,1.19565
Zimbabwe,ZWE,2013,1.13793
Zimbabwe,ZWE,2014,1.03321